Date,Nation,Metric,Deaths
03/01/2020,Wales,CumDeathsByDate,
03/01/2020,Scotland,CumDeathsByDate,
03/01/2020,Northern Ireland,CumDeathsByDate,
04/01/2020,Northern Ireland,CumDeathsByDate,
04/01/2020,Wales,CumDeathsByDate,
04/01/2020,Scotland,CumDeathsByDate,
05/01/2020,Wales,CumDeathsByDate,
05/01/2020,Scotland,CumDeathsByDate,
05/01/2020,Northern Ireland,CumDeathsByDate,
06/01/2020,Northern Ireland,CumDeathsByDate,
06/01/2020,Scotland,CumDeathsByDate,
06/01/2020,Wales,CumDeathsByDate,
07/01/2020,Wales,CumDeathsByDate,
07/01/2020,Northern Ireland,CumDeathsByDate,
07/01/2020,Scotland,CumDeathsByDate,
08/01/2020,Scotland,CumDeathsByDate,
08/01/2020,Wales,CumDeathsByDate,
08/01/2020,Northern Ireland,CumDeathsByDate,
09/01/2020,Northern Ireland,CumDeathsByDate,
09/01/2020,Scotland,CumDeathsByDate,
09/01/2020,Wales,CumDeathsByDate,
10/01/2020,Wales,CumDeathsByDate,
10/01/2020,Northern Ireland,CumDeathsByDate,
10/01/2020,Scotland,CumDeathsByDate,
11/01/2020,Scotland,CumDeathsByDate,
11/01/2020,Wales,CumDeathsByDate,
11/01/2020,Northern Ireland,CumDeathsByDate,
12/01/2020,Northern Ireland,CumDeathsByDate,
12/01/2020,Scotland,CumDeathsByDate,
12/01/2020,Wales,CumDeathsByDate,
13/01/2020,Wales,CumDeathsByDate,
13/01/2020,Northern Ireland,CumDeathsByDate,
13/01/2020,Scotland,CumDeathsByDate,
14/01/2020,Scotland,CumDeathsByDate,
14/01/2020,Wales,CumDeathsByDate,
14/01/2020,Northern Ireland,CumDeathsByDate,
15/01/2020,Northern Ireland,CumDeathsByDate,
15/01/2020,Scotland,CumDeathsByDate,
15/01/2020,Wales,CumDeathsByDate,
16/01/2020,Wales,CumDeathsByDate,
16/01/2020,Northern Ireland,CumDeathsByDate,
16/01/2020,Scotland,CumDeathsByDate,
17/01/2020,Scotland,CumDeathsByDate,
17/01/2020,Wales,CumDeathsByDate,
17/01/2020,Northern Ireland,CumDeathsByDate,
18/01/2020,Northern Ireland,CumDeathsByDate,
18/01/2020,Scotland,CumDeathsByDate,
18/01/2020,Wales,CumDeathsByDate,
19/01/2020,Wales,CumDeathsByDate,
19/01/2020,Northern Ireland,CumDeathsByDate,
19/01/2020,Scotland,CumDeathsByDate,
20/01/2020,Scotland,CumDeathsByDate,
20/01/2020,Wales,CumDeathsByDate,
20/01/2020,Northern Ireland,CumDeathsByDate,
21/01/2020,Northern Ireland,CumDeathsByDate,
21/01/2020,Scotland,CumDeathsByDate,
21/01/2020,Wales,CumDeathsByDate,
22/01/2020,Wales,CumDeathsByDate,
22/01/2020,Northern Ireland,CumDeathsByDate,
22/01/2020,Scotland,CumDeathsByDate,
23/01/2020,Scotland,CumDeathsByDate,
23/01/2020,Wales,CumDeathsByDate,
23/01/2020,Northern Ireland,CumDeathsByDate,
24/01/2020,Northern Ireland,CumDeathsByDate,
24/01/2020,Scotland,CumDeathsByDate,
24/01/2020,Wales,CumDeathsByDate,
25/01/2020,Wales,CumDeathsByDate,
25/01/2020,Northern Ireland,CumDeathsByDate,
25/01/2020,Scotland,CumDeathsByDate,
26/01/2020,Scotland,CumDeathsByDate,
26/01/2020,Wales,CumDeathsByDate,
26/01/2020,Northern Ireland,CumDeathsByDate,
27/01/2020,Northern Ireland,CumDeathsByDate,
27/01/2020,Scotland,CumDeathsByDate,
27/01/2020,Wales,CumDeathsByDate,
28/01/2020,Wales,CumDeathsByDate,
28/01/2020,Northern Ireland,CumDeathsByDate,
28/01/2020,Scotland,CumDeathsByDate,
29/01/2020,Scotland,CumDeathsByDate,
29/01/2020,Wales,CumDeathsByDate,
29/01/2020,Northern Ireland,CumDeathsByDate,
30/01/2020,Northern Ireland,CumDeathsByDate,
30/01/2020,Scotland,CumDeathsByDate,
30/01/2020,Wales,CumDeathsByDate,
31/01/2020,Wales,CumDeathsByDate,
31/01/2020,Northern Ireland,CumDeathsByDate,
31/01/2020,Scotland,CumDeathsByDate,
01/02/2020,Scotland,CumDeathsByDate,
01/02/2020,Wales,CumDeathsByDate,
01/02/2020,Northern Ireland,CumDeathsByDate,
02/02/2020,Northern Ireland,CumDeathsByDate,
02/02/2020,Scotland,CumDeathsByDate,
02/02/2020,Wales,CumDeathsByDate,
03/02/2020,Wales,CumDeathsByDate,
03/02/2020,Northern Ireland,CumDeathsByDate,
03/02/2020,Scotland,CumDeathsByDate,
04/02/2020,Scotland,CumDeathsByDate,
04/02/2020,Wales,CumDeathsByDate,
04/02/2020,Northern Ireland,CumDeathsByDate,
05/02/2020,Northern Ireland,CumDeathsByDate,
05/02/2020,Scotland,CumDeathsByDate,
05/02/2020,Wales,CumDeathsByDate,
06/02/2020,Wales,CumDeathsByDate,
06/02/2020,Northern Ireland,CumDeathsByDate,
06/02/2020,Scotland,CumDeathsByDate,
07/02/2020,Scotland,CumDeathsByDate,
07/02/2020,Wales,CumDeathsByDate,
07/02/2020,Northern Ireland,CumDeathsByDate,
08/02/2020,Northern Ireland,CumDeathsByDate,
08/02/2020,Scotland,CumDeathsByDate,
08/02/2020,Wales,CumDeathsByDate,
09/02/2020,Wales,CumDeathsByDate,
09/02/2020,Northern Ireland,CumDeathsByDate,
09/02/2020,Scotland,CumDeathsByDate,
10/02/2020,Scotland,CumDeathsByDate,
10/02/2020,Wales,CumDeathsByDate,
10/02/2020,Northern Ireland,CumDeathsByDate,
11/02/2020,Northern Ireland,CumDeathsByDate,
11/02/2020,Scotland,CumDeathsByDate,
11/02/2020,Wales,CumDeathsByDate,
12/02/2020,Wales,CumDeathsByDate,
12/02/2020,Northern Ireland,CumDeathsByDate,
12/02/2020,Scotland,CumDeathsByDate,
13/02/2020,Scotland,CumDeathsByDate,
13/02/2020,Wales,CumDeathsByDate,
13/02/2020,Northern Ireland,CumDeathsByDate,
14/02/2020,Northern Ireland,CumDeathsByDate,
14/02/2020,Scotland,CumDeathsByDate,
14/02/2020,Wales,CumDeathsByDate,
15/02/2020,Wales,CumDeathsByDate,
15/02/2020,Northern Ireland,CumDeathsByDate,
15/02/2020,Scotland,CumDeathsByDate,
16/02/2020,Scotland,CumDeathsByDate,
16/02/2020,Wales,CumDeathsByDate,
16/02/2020,Northern Ireland,CumDeathsByDate,
17/02/2020,Northern Ireland,CumDeathsByDate,
17/02/2020,Scotland,CumDeathsByDate,
17/02/2020,Wales,CumDeathsByDate,
18/02/2020,Wales,CumDeathsByDate,
18/02/2020,Northern Ireland,CumDeathsByDate,
18/02/2020,Scotland,CumDeathsByDate,
19/02/2020,Scotland,CumDeathsByDate,
19/02/2020,Wales,CumDeathsByDate,
19/02/2020,England,CumDeathsByDate,1
19/02/2020,Northern Ireland,CumDeathsByDate,
20/02/2020,Northern Ireland,CumDeathsByDate,
20/02/2020,Scotland,CumDeathsByDate,
20/02/2020,Wales,CumDeathsByDate,
20/02/2020,England,CumDeathsByDate,1
21/02/2020,England,CumDeathsByDate,1
21/02/2020,Wales,CumDeathsByDate,
21/02/2020,Northern Ireland,CumDeathsByDate,
21/02/2020,Scotland,CumDeathsByDate,
22/02/2020,Scotland,CumDeathsByDate,
22/02/2020,England,CumDeathsByDate,1
22/02/2020,Wales,CumDeathsByDate,
22/02/2020,Northern Ireland,CumDeathsByDate,
23/02/2020,Northern Ireland,CumDeathsByDate,
23/02/2020,Scotland,CumDeathsByDate,
23/02/2020,Wales,CumDeathsByDate,
23/02/2020,England,CumDeathsByDate,1
24/02/2020,England,CumDeathsByDate,1
24/02/2020,Wales,CumDeathsByDate,
24/02/2020,Northern Ireland,CumDeathsByDate,
24/02/2020,Scotland,CumDeathsByDate,
25/02/2020,Scotland,CumDeathsByDate,
25/02/2020,Wales,CumDeathsByDate,
25/02/2020,England,CumDeathsByDate,1
25/02/2020,Northern Ireland,CumDeathsByDate,
26/02/2020,Northern Ireland,CumDeathsByDate,
26/02/2020,Scotland,CumDeathsByDate,
26/02/2020,Wales,CumDeathsByDate,
26/02/2020,England,CumDeathsByDate,1
27/02/2020,Wales,CumDeathsByDate,
27/02/2020,England,CumDeathsByDate,1
27/02/2020,Northern Ireland,CumDeathsByDate,
27/02/2020,Scotland,CumDeathsByDate,
28/02/2020,Scotland,CumDeathsByDate,
28/02/2020,England,CumDeathsByDate,1
28/02/2020,Wales,CumDeathsByDate,
28/02/2020,Northern Ireland,CumDeathsByDate,
29/02/2020,Northern Ireland,CumDeathsByDate,
29/02/2020,Scotland,CumDeathsByDate,
29/02/2020,England,CumDeathsByDate,1
29/02/2020,Wales,CumDeathsByDate,
01/03/2020,England,CumDeathsByDate,1
01/03/2020,Wales,CumDeathsByDate,
01/03/2020,Northern Ireland,CumDeathsByDate,
01/03/2020,Scotland,CumDeathsByDate,
02/03/2020,Scotland,CumDeathsByDate,
02/03/2020,England,CumDeathsByDate,1
02/03/2020,Wales,CumDeathsByDate,
02/03/2020,Northern Ireland,CumDeathsByDate,
03/03/2020,Northern Ireland,CumDeathsByDate,
03/03/2020,Scotland,CumDeathsByDate,
03/03/2020,Wales,CumDeathsByDate,
03/03/2020,England,CumDeathsByDate,3
04/03/2020,England,CumDeathsByDate,3
04/03/2020,Wales,CumDeathsByDate,
04/03/2020,Northern Ireland,CumDeathsByDate,
04/03/2020,Scotland,CumDeathsByDate,
05/03/2020,Scotland,CumDeathsByDate,
05/03/2020,England,CumDeathsByDate,6
05/03/2020,Wales,CumDeathsByDate,
05/03/2020,Northern Ireland,CumDeathsByDate,
06/03/2020,Northern Ireland,CumDeathsByDate,
06/03/2020,Scotland,CumDeathsByDate,
06/03/2020,Wales,CumDeathsByDate,
06/03/2020,England,CumDeathsByDate,6
07/03/2020,Wales,CumDeathsByDate,
07/03/2020,England,CumDeathsByDate,6
07/03/2020,Northern Ireland,CumDeathsByDate,
07/03/2020,Scotland,CumDeathsByDate,
08/03/2020,Scotland,CumDeathsByDate,
08/03/2020,England,CumDeathsByDate,9
08/03/2020,Wales,CumDeathsByDate,
08/03/2020,Northern Ireland,CumDeathsByDate,
09/03/2020,Northern Ireland,CumDeathsByDate,
09/03/2020,Scotland,CumDeathsByDate,
09/03/2020,Wales,CumDeathsByDate,
09/03/2020,England,CumDeathsByDate,14
10/03/2020,Wales,CumDeathsByDate,
10/03/2020,England,CumDeathsByDate,17
10/03/2020,Northern Ireland,CumDeathsByDate,
10/03/2020,Scotland,CumDeathsByDate,
11/03/2020,Scotland,CumDeathsByDate,
11/03/2020,Wales,CumDeathsByDate,
11/03/2020,England,CumDeathsByDate,25
11/03/2020,Northern Ireland,CumDeathsByDate,
12/03/2020,Northern Ireland,CumDeathsByDate,
12/03/2020,Scotland,CumDeathsByDate,
12/03/2020,England,CumDeathsByDate,37
12/03/2020,Wales,CumDeathsByDate,
13/03/2020,England,CumDeathsByDate,53
13/03/2020,Wales,CumDeathsByDate,
13/03/2020,Northern Ireland,CumDeathsByDate,
13/03/2020,Scotland,CumDeathsByDate,
14/03/2020,Scotland,CumDeathsByDate,
14/03/2020,Wales,CumDeathsByDate,
14/03/2020,England,CumDeathsByDate,73
14/03/2020,Northern Ireland,CumDeathsByDate,
15/03/2020,Northern Ireland,CumDeathsByDate,
15/03/2020,Scotland,CumDeathsByDate,
15/03/2020,England,CumDeathsByDate,105
15/03/2020,Wales,CumDeathsByDate,
16/03/2020,England,CumDeathsByDate,148
16/03/2020,Wales,CumDeathsByDate,3
16/03/2020,Northern Ireland,CumDeathsByDate,
16/03/2020,Scotland,CumDeathsByDate,
17/03/2020,Scotland,CumDeathsByDate,
17/03/2020,Wales,CumDeathsByDate,3
17/03/2020,England,CumDeathsByDate,198
17/03/2020,Northern Ireland,CumDeathsByDate,
18/03/2020,Northern Ireland,CumDeathsByDate,
18/03/2020,Scotland,CumDeathsByDate,
18/03/2020,Wales,CumDeathsByDate,3
18/03/2020,England,CumDeathsByDate,265
19/03/2020,Wales,CumDeathsByDate,6
19/03/2020,England,CumDeathsByDate,332
19/03/2020,Northern Ireland,CumDeathsByDate,
19/03/2020,Scotland,CumDeathsByDate,
20/03/2020,Scotland,CumDeathsByDate,
20/03/2020,Wales,CumDeathsByDate,8
20/03/2020,England,CumDeathsByDate,434
20/03/2020,Northern Ireland,CumDeathsByDate,
21/03/2020,Northern Ireland,CumDeathsByDate,
21/03/2020,Scotland,CumDeathsByDate,
21/03/2020,Wales,CumDeathsByDate,15
21/03/2020,England,CumDeathsByDate,551
22/03/2020,Wales,CumDeathsByDate,20
22/03/2020,England,CumDeathsByDate,704
22/03/2020,Northern Ireland,CumDeathsByDate,
22/03/2020,Scotland,CumDeathsByDate,
23/03/2020,Scotland,CumDeathsByDate,
23/03/2020,England,CumDeathsByDate,877
23/03/2020,Wales,CumDeathsByDate,24
23/03/2020,Northern Ireland,CumDeathsByDate,
24/03/2020,Northern Ireland,CumDeathsByDate,
24/03/2020,Scotland,CumDeathsByDate,
24/03/2020,Wales,CumDeathsByDate,33
24/03/2020,England,CumDeathsByDate,1096
25/03/2020,England,CumDeathsByDate,1374
25/03/2020,Wales,CumDeathsByDate,43
25/03/2020,Northern Ireland,CumDeathsByDate,
25/03/2020,Scotland,CumDeathsByDate,
26/03/2020,Scotland,CumDeathsByDate,
26/03/2020,England,CumDeathsByDate,1711
26/03/2020,Wales,CumDeathsByDate,54
26/03/2020,Northern Ireland,CumDeathsByDate,
27/03/2020,Northern Ireland,CumDeathsByDate,
27/03/2020,Scotland,CumDeathsByDate,
27/03/2020,Wales,CumDeathsByDate,64
27/03/2020,England,CumDeathsByDate,2085
28/03/2020,England,CumDeathsByDate,2469
28/03/2020,Wales,CumDeathsByDate,79
28/03/2020,Northern Ireland,CumDeathsByDate,
28/03/2020,Scotland,CumDeathsByDate,
29/03/2020,Scotland,CumDeathsByDate,
29/03/2020,Wales,CumDeathsByDate,97
29/03/2020,England,CumDeathsByDate,2934
29/03/2020,Northern Ireland,CumDeathsByDate,
30/03/2020,Northern Ireland,CumDeathsByDate,
30/03/2020,Scotland,CumDeathsByDate,
30/03/2020,Wales,CumDeathsByDate,113
30/03/2020,England,CumDeathsByDate,3476
31/03/2020,England,CumDeathsByDate,4078
31/03/2020,Wales,CumDeathsByDate,128
31/03/2020,Northern Ireland,CumDeathsByDate,
31/03/2020,Scotland,CumDeathsByDate,
01/04/2020,Scotland,CumDeathsByDate,
01/04/2020,Wales,CumDeathsByDate,149
01/04/2020,England,CumDeathsByDate,4776
01/04/2020,Northern Ireland,CumDeathsByDate,
02/04/2020,Northern Ireland,CumDeathsByDate,
02/04/2020,Scotland,CumDeathsByDate,
02/04/2020,Wales,CumDeathsByDate,177
02/04/2020,England,CumDeathsByDate,5509
03/04/2020,Wales,CumDeathsByDate,206
03/04/2020,England,CumDeathsByDate,6252
03/04/2020,Northern Ireland,CumDeathsByDate,
03/04/2020,Scotland,CumDeathsByDate,
04/04/2020,Scotland,CumDeathsByDate,
04/04/2020,Wales,CumDeathsByDate,237
04/04/2020,England,CumDeathsByDate,7091
04/04/2020,Northern Ireland,CumDeathsByDate,
05/04/2020,Northern Ireland,CumDeathsByDate,
05/04/2020,Scotland,CumDeathsByDate,
05/04/2020,Wales,CumDeathsByDate,267
05/04/2020,England,CumDeathsByDate,7921
06/04/2020,England,CumDeathsByDate,8728
06/04/2020,Wales,CumDeathsByDate,287
06/04/2020,Northern Ireland,CumDeathsByDate,
06/04/2020,Scotland,CumDeathsByDate,
07/04/2020,Scotland,CumDeathsByDate,
07/04/2020,England,CumDeathsByDate,9640
07/04/2020,Wales,CumDeathsByDate,319
07/04/2020,Northern Ireland,CumDeathsByDate,
08/04/2020,Northern Ireland,CumDeathsByDate,
08/04/2020,Scotland,CumDeathsByDate,
08/04/2020,England,CumDeathsByDate,10616
08/04/2020,Wales,CumDeathsByDate,361
09/04/2020,Wales,CumDeathsByDate,404
09/04/2020,England,CumDeathsByDate,11491
09/04/2020,Northern Ireland,CumDeathsByDate,
09/04/2020,Scotland,CumDeathsByDate,
10/04/2020,Scotland,CumDeathsByDate,
10/04/2020,England,CumDeathsByDate,12343
10/04/2020,Wales,CumDeathsByDate,429
10/04/2020,Northern Ireland,CumDeathsByDate,
11/04/2020,Northern Ireland,CumDeathsByDate,
11/04/2020,Scotland,CumDeathsByDate,
11/04/2020,Wales,CumDeathsByDate,460
11/04/2020,England,CumDeathsByDate,13207
12/04/2020,England,CumDeathsByDate,14065
12/04/2020,Wales,CumDeathsByDate,497
12/04/2020,Northern Ireland,CumDeathsByDate,
12/04/2020,Scotland,CumDeathsByDate,
13/04/2020,Scotland,CumDeathsByDate,
13/04/2020,Wales,CumDeathsByDate,540
13/04/2020,England,CumDeathsByDate,14870
13/04/2020,Northern Ireland,CumDeathsByDate,
14/04/2020,Northern Ireland,CumDeathsByDate,
14/04/2020,Scotland,CumDeathsByDate,
14/04/2020,Wales,CumDeathsByDate,566
14/04/2020,England,CumDeathsByDate,15643
15/04/2020,England,CumDeathsByDate,16425
15/04/2020,Wales,CumDeathsByDate,604
15/04/2020,Northern Ireland,CumDeathsByDate,
15/04/2020,Scotland,CumDeathsByDate,
16/04/2020,Scotland,CumDeathsByDate,
16/04/2020,England,CumDeathsByDate,17183
16/04/2020,Wales,CumDeathsByDate,639
16/04/2020,Northern Ireland,CumDeathsByDate,
17/04/2020,Northern Ireland,CumDeathsByDate,
17/04/2020,Scotland,CumDeathsByDate,
17/04/2020,England,CumDeathsByDate,17929
17/04/2020,Wales,CumDeathsByDate,668
18/04/2020,England,CumDeathsByDate,18646
18/04/2020,Wales,CumDeathsByDate,700
18/04/2020,Northern Ireland,CumDeathsByDate,
18/04/2020,Scotland,CumDeathsByDate,
19/04/2020,Scotland,CumDeathsByDate,
19/04/2020,Wales,CumDeathsByDate,726
19/04/2020,England,CumDeathsByDate,19337
19/04/2020,Northern Ireland,CumDeathsByDate,
20/04/2020,Northern Ireland,CumDeathsByDate,
20/04/2020,Scotland,CumDeathsByDate,
20/04/2020,Wales,CumDeathsByDate,751
20/04/2020,England,CumDeathsByDate,20033
21/04/2020,Wales,CumDeathsByDate,781
21/04/2020,England,CumDeathsByDate,20688
21/04/2020,Northern Ireland,CumDeathsByDate,
21/04/2020,Scotland,CumDeathsByDate,
22/04/2020,Scotland,CumDeathsByDate,
22/04/2020,England,CumDeathsByDate,21341
22/04/2020,Wales,CumDeathsByDate,804
22/04/2020,Northern Ireland,CumDeathsByDate,
23/04/2020,Northern Ireland,CumDeathsByDate,
23/04/2020,Scotland,CumDeathsByDate,
23/04/2020,England,CumDeathsByDate,21952
23/04/2020,Wales,CumDeathsByDate,822
24/04/2020,England,CumDeathsByDate,22579
24/04/2020,Wales,CumDeathsByDate,853
24/04/2020,Northern Ireland,CumDeathsByDate,
24/04/2020,Scotland,CumDeathsByDate,
25/04/2020,Scotland,CumDeathsByDate,
25/04/2020,England,CumDeathsByDate,23153
25/04/2020,Wales,CumDeathsByDate,882
25/04/2020,Northern Ireland,CumDeathsByDate,
26/04/2020,Northern Ireland,CumDeathsByDate,
26/04/2020,Scotland,CumDeathsByDate,
26/04/2020,England,CumDeathsByDate,23731
26/04/2020,Wales,CumDeathsByDate,898
27/04/2020,Wales,CumDeathsByDate,914
27/04/2020,England,CumDeathsByDate,24256
27/04/2020,Northern Ireland,CumDeathsByDate,
27/04/2020,Scotland,CumDeathsByDate,
28/04/2020,Scotland,CumDeathsByDate,
28/04/2020,England,CumDeathsByDate,24786
28/04/2020,Wales,CumDeathsByDate,929
28/04/2020,Northern Ireland,CumDeathsByDate,
29/04/2020,Northern Ireland,CumDeathsByDate,
29/04/2020,Scotland,CumDeathsByDate,
29/04/2020,England,CumDeathsByDate,25308
29/04/2020,Wales,CumDeathsByDate,955
30/04/2020,England,CumDeathsByDate,25818
30/04/2020,Wales,CumDeathsByDate,971
30/04/2020,Northern Ireland,CumDeathsByDate,
30/04/2020,Scotland,CumDeathsByDate,
01/05/2020,Scotland,CumDeathsByDate,
01/05/2020,Wales,CumDeathsByDate,1000
01/05/2020,England,CumDeathsByDate,26327
01/05/2020,Northern Ireland,CumDeathsByDate,
02/05/2020,Northern Ireland,CumDeathsByDate,
02/05/2020,Scotland,CumDeathsByDate,
02/05/2020,Wales,CumDeathsByDate,1014
02/05/2020,England,CumDeathsByDate,26785
03/05/2020,England,CumDeathsByDate,27209
03/05/2020,Wales,CumDeathsByDate,1028
03/05/2020,Northern Ireland,CumDeathsByDate,
03/05/2020,Scotland,CumDeathsByDate,
04/05/2020,Scotland,CumDeathsByDate,
04/05/2020,England,CumDeathsByDate,27659
04/05/2020,Wales,CumDeathsByDate,1051
04/05/2020,Northern Ireland,CumDeathsByDate,
05/05/2020,Northern Ireland,CumDeathsByDate,
05/05/2020,Scotland,CumDeathsByDate,
05/05/2020,England,CumDeathsByDate,28095
05/05/2020,Wales,CumDeathsByDate,1068
06/05/2020,England,CumDeathsByDate,28529
06/05/2020,Wales,CumDeathsByDate,1091
06/05/2020,Northern Ireland,CumDeathsByDate,
06/05/2020,Scotland,CumDeathsByDate,
07/05/2020,Scotland,CumDeathsByDate,
07/05/2020,England,CumDeathsByDate,28973
07/05/2020,Wales,CumDeathsByDate,1110
07/05/2020,Northern Ireland,CumDeathsByDate,
08/05/2020,Northern Ireland,CumDeathsByDate,
08/05/2020,Scotland,CumDeathsByDate,
08/05/2020,Wales,CumDeathsByDate,1123
08/05/2020,England,CumDeathsByDate,29352
09/05/2020,Wales,CumDeathsByDate,1130
09/05/2020,England,CumDeathsByDate,29726
09/05/2020,Northern Ireland,CumDeathsByDate,
09/05/2020,Scotland,CumDeathsByDate,
10/05/2020,Scotland,CumDeathsByDate,
10/05/2020,Wales,CumDeathsByDate,1140
10/05/2020,England,CumDeathsByDate,30078
10/05/2020,Northern Ireland,CumDeathsByDate,
11/05/2020,Northern Ireland,CumDeathsByDate,
11/05/2020,Scotland,CumDeathsByDate,
11/05/2020,England,CumDeathsByDate,30393
11/05/2020,Wales,CumDeathsByDate,1155
12/05/2020,Wales,CumDeathsByDate,1166
12/05/2020,England,CumDeathsByDate,30716
12/05/2020,Northern Ireland,CumDeathsByDate,
12/05/2020,Scotland,CumDeathsByDate,
13/05/2020,Scotland,CumDeathsByDate,
13/05/2020,England,CumDeathsByDate,31028
13/05/2020,Wales,CumDeathsByDate,1182
13/05/2020,Northern Ireland,CumDeathsByDate,
14/05/2020,Northern Ireland,CumDeathsByDate,
14/05/2020,Scotland,CumDeathsByDate,
14/05/2020,Wales,CumDeathsByDate,1194
14/05/2020,England,CumDeathsByDate,31361
15/05/2020,Wales,CumDeathsByDate,1210
15/05/2020,England,CumDeathsByDate,31678
15/05/2020,Northern Ireland,CumDeathsByDate,
15/05/2020,Scotland,CumDeathsByDate,
16/05/2020,Scotland,CumDeathsByDate,
16/05/2020,Wales,CumDeathsByDate,1223
16/05/2020,England,CumDeathsByDate,31995
16/05/2020,Northern Ireland,CumDeathsByDate,
17/05/2020,Northern Ireland,CumDeathsByDate,
17/05/2020,Scotland,CumDeathsByDate,
17/05/2020,Wales,CumDeathsByDate,1234
17/05/2020,England,CumDeathsByDate,32273
18/05/2020,Wales,CumDeathsByDate,1244
18/05/2020,England,CumDeathsByDate,32588
18/05/2020,Northern Ireland,CumDeathsByDate,
18/05/2020,Scotland,CumDeathsByDate,
19/05/2020,Scotland,CumDeathsByDate,
19/05/2020,England,CumDeathsByDate,32860
19/05/2020,Wales,CumDeathsByDate,1255
19/05/2020,Northern Ireland,CumDeathsByDate,
20/05/2020,Northern Ireland,CumDeathsByDate,
20/05/2020,Scotland,CumDeathsByDate,
20/05/2020,England,CumDeathsByDate,33151
20/05/2020,Wales,CumDeathsByDate,1262
21/05/2020,Wales,CumDeathsByDate,1271
21/05/2020,England,CumDeathsByDate,33408
21/05/2020,Northern Ireland,CumDeathsByDate,
21/05/2020,Scotland,CumDeathsByDate,
22/05/2020,Scotland,CumDeathsByDate,
22/05/2020,Wales,CumDeathsByDate,1281
22/05/2020,England,CumDeathsByDate,33655
22/05/2020,Northern Ireland,CumDeathsByDate,
23/05/2020,Northern Ireland,CumDeathsByDate,
23/05/2020,Scotland,CumDeathsByDate,
23/05/2020,Wales,CumDeathsByDate,1288
23/05/2020,England,CumDeathsByDate,33909
24/05/2020,Wales,CumDeathsByDate,1300
24/05/2020,England,CumDeathsByDate,34115
24/05/2020,Northern Ireland,CumDeathsByDate,
24/05/2020,Scotland,CumDeathsByDate,
25/05/2020,Scotland,CumDeathsByDate,
25/05/2020,Wales,CumDeathsByDate,1310
25/05/2020,England,CumDeathsByDate,34350
25/05/2020,Northern Ireland,CumDeathsByDate,
26/05/2020,Northern Ireland,CumDeathsByDate,
26/05/2020,Scotland,CumDeathsByDate,
26/05/2020,Wales,CumDeathsByDate,1320
26/05/2020,England,CumDeathsByDate,34608
27/05/2020,England,CumDeathsByDate,34831
27/05/2020,Wales,CumDeathsByDate,1326
27/05/2020,Northern Ireland,CumDeathsByDate,
27/05/2020,Scotland,CumDeathsByDate,
28/05/2020,Scotland,CumDeathsByDate,
28/05/2020,Wales,CumDeathsByDate,1342
28/05/2020,England,CumDeathsByDate,35065
28/05/2020,Northern Ireland,CumDeathsByDate,
29/05/2020,Northern Ireland,CumDeathsByDate,
29/05/2020,Scotland,CumDeathsByDate,
29/05/2020,Wales,CumDeathsByDate,1353
29/05/2020,England,CumDeathsByDate,35286
30/05/2020,England,CumDeathsByDate,35482
30/05/2020,Wales,CumDeathsByDate,1363
30/05/2020,Northern Ireland,CumDeathsByDate,
30/05/2020,Scotland,CumDeathsByDate,
31/05/2020,Scotland,CumDeathsByDate,
31/05/2020,Wales,CumDeathsByDate,1370
31/05/2020,England,CumDeathsByDate,35661
31/05/2020,Northern Ireland,CumDeathsByDate,
01/06/2020,Northern Ireland,CumDeathsByDate,
01/06/2020,Scotland,CumDeathsByDate,
01/06/2020,Wales,CumDeathsByDate,1379
01/06/2020,England,CumDeathsByDate,35857
02/06/2020,England,CumDeathsByDate,36075
02/06/2020,Wales,CumDeathsByDate,1384
02/06/2020,Northern Ireland,CumDeathsByDate,
02/06/2020,Scotland,CumDeathsByDate,
03/06/2020,Scotland,CumDeathsByDate,
03/06/2020,England,CumDeathsByDate,36258
03/06/2020,Wales,CumDeathsByDate,1391
03/06/2020,Northern Ireland,CumDeathsByDate,
04/06/2020,Northern Ireland,CumDeathsByDate,
04/06/2020,Scotland,CumDeathsByDate,
04/06/2020,Wales,CumDeathsByDate,1403
04/06/2020,England,CumDeathsByDate,36435
05/06/2020,Wales,CumDeathsByDate,1407
05/06/2020,England,CumDeathsByDate,36609
05/06/2020,Northern Ireland,CumDeathsByDate,
05/06/2020,Scotland,CumDeathsByDate,
06/06/2020,Scotland,CumDeathsByDate,
06/06/2020,England,CumDeathsByDate,36765
06/06/2020,Wales,CumDeathsByDate,1416
06/06/2020,Northern Ireland,CumDeathsByDate,
07/06/2020,Northern Ireland,CumDeathsByDate,
07/06/2020,Scotland,CumDeathsByDate,
07/06/2020,Wales,CumDeathsByDate,1424
07/06/2020,England,CumDeathsByDate,36931
08/06/2020,England,CumDeathsByDate,37094
08/06/2020,Wales,CumDeathsByDate,1431
08/06/2020,Northern Ireland,CumDeathsByDate,
08/06/2020,Scotland,CumDeathsByDate,
09/06/2020,Scotland,CumDeathsByDate,
09/06/2020,England,CumDeathsByDate,37258
09/06/2020,Wales,CumDeathsByDate,1435
09/06/2020,Northern Ireland,CumDeathsByDate,
10/06/2020,Northern Ireland,CumDeathsByDate,
10/06/2020,Scotland,CumDeathsByDate,
10/06/2020,Wales,CumDeathsByDate,1442
10/06/2020,England,CumDeathsByDate,37416
11/06/2020,England,CumDeathsByDate,37546
11/06/2020,Wales,CumDeathsByDate,1447
11/06/2020,Northern Ireland,CumDeathsByDate,
11/06/2020,Scotland,CumDeathsByDate,
12/06/2020,Scotland,CumDeathsByDate,
12/06/2020,Wales,CumDeathsByDate,1451
12/06/2020,England,CumDeathsByDate,37686
12/06/2020,Northern Ireland,CumDeathsByDate,
13/06/2020,Northern Ireland,CumDeathsByDate,
13/06/2020,Scotland,CumDeathsByDate,
13/06/2020,Wales,CumDeathsByDate,1457
13/06/2020,England,CumDeathsByDate,37792
14/06/2020,England,CumDeathsByDate,37936
14/06/2020,Wales,CumDeathsByDate,1464
14/06/2020,Northern Ireland,CumDeathsByDate,
14/06/2020,Scotland,CumDeathsByDate,
15/06/2020,Scotland,CumDeathsByDate,
15/06/2020,Wales,CumDeathsByDate,1470
15/06/2020,England,CumDeathsByDate,38063
15/06/2020,Northern Ireland,CumDeathsByDate,
16/06/2020,Northern Ireland,CumDeathsByDate,
16/06/2020,Scotland,CumDeathsByDate,
16/06/2020,England,CumDeathsByDate,38185
16/06/2020,Wales,CumDeathsByDate,1478
17/06/2020,England,CumDeathsByDate,38296
17/06/2020,Wales,CumDeathsByDate,1479
17/06/2020,Northern Ireland,CumDeathsByDate,
17/06/2020,Scotland,CumDeathsByDate,
18/06/2020,Scotland,CumDeathsByDate,
18/06/2020,Wales,CumDeathsByDate,1479
18/06/2020,England,CumDeathsByDate,38411
18/06/2020,Northern Ireland,CumDeathsByDate,
19/06/2020,Northern Ireland,CumDeathsByDate,
19/06/2020,Scotland,CumDeathsByDate,
19/06/2020,Wales,CumDeathsByDate,1483
19/06/2020,England,CumDeathsByDate,38510
20/06/2020,England,CumDeathsByDate,38607
20/06/2020,Wales,CumDeathsByDate,1486
20/06/2020,Northern Ireland,CumDeathsByDate,
20/06/2020,Scotland,CumDeathsByDate,
21/06/2020,Scotland,CumDeathsByDate,
21/06/2020,England,CumDeathsByDate,38707
21/06/2020,Wales,CumDeathsByDate,1491
21/06/2020,Northern Ireland,CumDeathsByDate,
22/06/2020,Northern Ireland,CumDeathsByDate,
22/06/2020,Scotland,CumDeathsByDate,
22/06/2020,Wales,CumDeathsByDate,1493
22/06/2020,England,CumDeathsByDate,38814
23/06/2020,England,CumDeathsByDate,38946
23/06/2020,Wales,CumDeathsByDate,1494
23/06/2020,Northern Ireland,CumDeathsByDate,
23/06/2020,Scotland,CumDeathsByDate,
24/06/2020,Scotland,CumDeathsByDate,
24/06/2020,Wales,CumDeathsByDate,1500
24/06/2020,England,CumDeathsByDate,39070
24/06/2020,Northern Ireland,CumDeathsByDate,
25/06/2020,Northern Ireland,CumDeathsByDate,
25/06/2020,Scotland,CumDeathsByDate,
25/06/2020,England,CumDeathsByDate,39205
25/06/2020,Wales,CumDeathsByDate,1509
26/06/2020,Wales,CumDeathsByDate,1511
26/06/2020,England,CumDeathsByDate,39320
26/06/2020,Northern Ireland,CumDeathsByDate,
26/06/2020,Scotland,CumDeathsByDate,
27/06/2020,Scotland,CumDeathsByDate,
27/06/2020,England,CumDeathsByDate,39412
27/06/2020,Wales,CumDeathsByDate,1517
27/06/2020,Northern Ireland,CumDeathsByDate,
28/06/2020,Northern Ireland,CumDeathsByDate,
28/06/2020,Scotland,CumDeathsByDate,
28/06/2020,England,CumDeathsByDate,39509
28/06/2020,Wales,CumDeathsByDate,1519
29/06/2020,England,CumDeathsByDate,39592
29/06/2020,Wales,CumDeathsByDate,1522
29/06/2020,Northern Ireland,CumDeathsByDate,
29/06/2020,Scotland,CumDeathsByDate,
30/06/2020,Scotland,CumDeathsByDate,
30/06/2020,England,CumDeathsByDate,39686
30/06/2020,Wales,CumDeathsByDate,1526
30/06/2020,Northern Ireland,CumDeathsByDate,
01/07/2020,Northern Ireland,CumDeathsByDate,
01/07/2020,Scotland,CumDeathsByDate,
01/07/2020,England,CumDeathsByDate,39765
01/07/2020,Wales,CumDeathsByDate,1530
02/07/2020,Wales,CumDeathsByDate,1533
02/07/2020,England,CumDeathsByDate,39851
02/07/2020,Northern Ireland,CumDeathsByDate,
02/07/2020,Scotland,CumDeathsByDate,
03/07/2020,Scotland,CumDeathsByDate,
03/07/2020,England,CumDeathsByDate,39933
03/07/2020,Wales,CumDeathsByDate,1533
03/07/2020,Northern Ireland,CumDeathsByDate,
04/07/2020,Northern Ireland,CumDeathsByDate,
04/07/2020,Scotland,CumDeathsByDate,
04/07/2020,Wales,CumDeathsByDate,1535
04/07/2020,England,CumDeathsByDate,40017
05/07/2020,England,CumDeathsByDate,40090
05/07/2020,Wales,CumDeathsByDate,1537
05/07/2020,Northern Ireland,CumDeathsByDate,
05/07/2020,Scotland,CumDeathsByDate,
06/07/2020,Scotland,CumDeathsByDate,
06/07/2020,England,CumDeathsByDate,40167
06/07/2020,Wales,CumDeathsByDate,1539
06/07/2020,Northern Ireland,CumDeathsByDate,
07/07/2020,Northern Ireland,CumDeathsByDate,
07/07/2020,Scotland,CumDeathsByDate,
07/07/2020,England,CumDeathsByDate,40231
07/07/2020,Wales,CumDeathsByDate,1540
08/07/2020,England,CumDeathsByDate,40313
08/07/2020,Wales,CumDeathsByDate,1541
08/07/2020,Northern Ireland,CumDeathsByDate,
08/07/2020,Scotland,CumDeathsByDate,
09/07/2020,Scotland,CumDeathsByDate,
09/07/2020,Wales,CumDeathsByDate,1542
09/07/2020,England,CumDeathsByDate,40410
09/07/2020,Northern Ireland,CumDeathsByDate,
10/07/2020,Northern Ireland,CumDeathsByDate,
10/07/2020,Scotland,CumDeathsByDate,
10/07/2020,England,CumDeathsByDate,40474
10/07/2020,Wales,CumDeathsByDate,1542
11/07/2020,England,CumDeathsByDate,40552
11/07/2020,Wales,CumDeathsByDate,1543
11/07/2020,Northern Ireland,CumDeathsByDate,
11/07/2020,Scotland,CumDeathsByDate,
12/07/2020,Scotland,CumDeathsByDate,
12/07/2020,England,CumDeathsByDate,40610
12/07/2020,Wales,CumDeathsByDate,1543
12/07/2020,Northern Ireland,CumDeathsByDate,
13/07/2020,Northern Ireland,CumDeathsByDate,
13/07/2020,Scotland,CumDeathsByDate,
13/07/2020,Wales,CumDeathsByDate,1545
13/07/2020,England,CumDeathsByDate,40687
14/07/2020,England,CumDeathsByDate,40768
14/07/2020,Wales,CumDeathsByDate,1546
14/07/2020,Northern Ireland,CumDeathsByDate,
14/07/2020,Scotland,CumDeathsByDate,
15/07/2020,Scotland,CumDeathsByDate,
15/07/2020,Wales,CumDeathsByDate,1546
15/07/2020,England,CumDeathsByDate,40841
15/07/2020,Northern Ireland,CumDeathsByDate,
16/07/2020,Northern Ireland,CumDeathsByDate,
16/07/2020,Scotland,CumDeathsByDate,
16/07/2020,Wales,CumDeathsByDate,1547
16/07/2020,England,CumDeathsByDate,40894
17/07/2020,Wales,CumDeathsByDate,1547
17/07/2020,England,CumDeathsByDate,40967
17/07/2020,Northern Ireland,CumDeathsByDate,
17/07/2020,Scotland,CumDeathsByDate,
18/07/2020,Scotland,CumDeathsByDate,
18/07/2020,England,CumDeathsByDate,41028
18/07/2020,Wales,CumDeathsByDate,1547
18/07/2020,Northern Ireland,CumDeathsByDate,
19/07/2020,Northern Ireland,CumDeathsByDate,
19/07/2020,Scotland,CumDeathsByDate,
19/07/2020,Wales,CumDeathsByDate,1547
19/07/2020,England,CumDeathsByDate,41091
20/07/2020,England,CumDeathsByDate,41158
20/07/2020,Wales,CumDeathsByDate,1547
20/07/2020,Northern Ireland,CumDeathsByDate,
20/07/2020,Scotland,CumDeathsByDate,
21/07/2020,Scotland,CumDeathsByDate,
21/07/2020,Wales,CumDeathsByDate,1548
21/07/2020,England,CumDeathsByDate,41220
21/07/2020,Northern Ireland,CumDeathsByDate,
22/07/2020,Northern Ireland,CumDeathsByDate,
22/07/2020,Scotland,CumDeathsByDate,
22/07/2020,England,CumDeathsByDate,41301
22/07/2020,Wales,CumDeathsByDate,1549
23/07/2020,England,CumDeathsByDate,41360
23/07/2020,Wales,CumDeathsByDate,1549
23/07/2020,Northern Ireland,CumDeathsByDate,
23/07/2020,Scotland,CumDeathsByDate,
24/07/2020,Scotland,CumDeathsByDate,
24/07/2020,Wales,CumDeathsByDate,1550
24/07/2020,England,CumDeathsByDate,41403
24/07/2020,Northern Ireland,CumDeathsByDate,
25/07/2020,Northern Ireland,CumDeathsByDate,
25/07/2020,Scotland,CumDeathsByDate,
25/07/2020,Wales,CumDeathsByDate,1552
25/07/2020,England,CumDeathsByDate,41459
26/07/2020,Wales,CumDeathsByDate,1554
26/07/2020,England,CumDeathsByDate,41534
26/07/2020,Northern Ireland,CumDeathsByDate,
26/07/2020,Scotland,CumDeathsByDate,
27/07/2020,Scotland,CumDeathsByDate,
27/07/2020,England,CumDeathsByDate,41585
27/07/2020,Wales,CumDeathsByDate,1555
27/07/2020,Northern Ireland,CumDeathsByDate,
28/07/2020,Northern Ireland,CumDeathsByDate,
28/07/2020,Scotland,CumDeathsByDate,
28/07/2020,Wales,CumDeathsByDate,1557
28/07/2020,England,CumDeathsByDate,41635
29/07/2020,Wales,CumDeathsByDate,1561
29/07/2020,England,CumDeathsByDate,41693
29/07/2020,Northern Ireland,CumDeathsByDate,
29/07/2020,Scotland,CumDeathsByDate,
30/07/2020,Scotland,CumDeathsByDate,
30/07/2020,England,CumDeathsByDate,41738
30/07/2020,Wales,CumDeathsByDate,1563
30/07/2020,Northern Ireland,CumDeathsByDate,
31/07/2020,Northern Ireland,CumDeathsByDate,
31/07/2020,Scotland,CumDeathsByDate,
31/07/2020,Wales,CumDeathsByDate,1567
31/07/2020,England,CumDeathsByDate,41808
01/08/2020,Wales,CumDeathsByDate,1569
01/08/2020,England,CumDeathsByDate,41858
01/08/2020,Northern Ireland,CumDeathsByDate,
01/08/2020,Scotland,CumDeathsByDate,
02/08/2020,Scotland,CumDeathsByDate,
02/08/2020,England,CumDeathsByDate,41911
02/08/2020,Wales,CumDeathsByDate,1571
02/08/2020,Northern Ireland,CumDeathsByDate,
03/08/2020,Northern Ireland,CumDeathsByDate,
03/08/2020,Scotland,CumDeathsByDate,
03/08/2020,Wales,CumDeathsByDate,1572
03/08/2020,England,CumDeathsByDate,41961
04/08/2020,England,CumDeathsByDate,42009
04/08/2020,Wales,CumDeathsByDate,1575
04/08/2020,Northern Ireland,CumDeathsByDate,
04/08/2020,Scotland,CumDeathsByDate,
05/08/2020,Scotland,CumDeathsByDate,
05/08/2020,Wales,CumDeathsByDate,1578
05/08/2020,England,CumDeathsByDate,42049
05/08/2020,Northern Ireland,CumDeathsByDate,
06/08/2020,Northern Ireland,CumDeathsByDate,
06/08/2020,Scotland,CumDeathsByDate,
06/08/2020,England,CumDeathsByDate,42105
06/08/2020,Wales,CumDeathsByDate,1578
07/08/2020,Wales,CumDeathsByDate,1579
07/08/2020,England,CumDeathsByDate,42165
07/08/2020,Northern Ireland,CumDeathsByDate,
07/08/2020,Scotland,CumDeathsByDate,
08/08/2020,Scotland,CumDeathsByDate,
08/08/2020,Wales,CumDeathsByDate,1584
08/08/2020,England,CumDeathsByDate,42225
08/08/2020,Northern Ireland,CumDeathsByDate,
09/08/2020,Northern Ireland,CumDeathsByDate,
09/08/2020,Scotland,CumDeathsByDate,
09/08/2020,England,CumDeathsByDate,42285
09/08/2020,Wales,CumDeathsByDate,1584
10/08/2020,Wales,CumDeathsByDate,1586
10/08/2020,England,CumDeathsByDate,42348
10/08/2020,Northern Ireland,CumDeathsByDate,
10/08/2020,Scotland,CumDeathsByDate,
11/08/2020,Scotland,CumDeathsByDate,
11/08/2020,Wales,CumDeathsByDate,1586
11/08/2020,England,CumDeathsByDate,42422
11/08/2020,Northern Ireland,CumDeathsByDate,
12/08/2020,Northern Ireland,CumDeathsByDate,
12/08/2020,Scotland,CumDeathsByDate,
12/08/2020,England,CumDeathsByDate,42492
12/08/2020,Wales,CumDeathsByDate,1587
13/08/2020,Wales,CumDeathsByDate,1588
13/08/2020,England,CumDeathsByDate,42557
13/08/2020,Northern Ireland,CumDeathsByDate,
13/08/2020,Scotland,CumDeathsByDate,
14/08/2020,Scotland,CumDeathsByDate,
14/08/2020,Wales,CumDeathsByDate,1589
14/08/2020,England,CumDeathsByDate,42609
14/08/2020,Northern Ireland,CumDeathsByDate,
15/08/2020,Northern Ireland,CumDeathsByDate,
15/08/2020,Scotland,CumDeathsByDate,
15/08/2020,England,CumDeathsByDate,42683
15/08/2020,Wales,CumDeathsByDate,1589
16/08/2020,England,CumDeathsByDate,42731
16/08/2020,Wales,CumDeathsByDate,1589
16/08/2020,Northern Ireland,CumDeathsByDate,
16/08/2020,Scotland,CumDeathsByDate,
17/08/2020,Scotland,CumDeathsByDate,
17/08/2020,Wales,CumDeathsByDate,
17/08/2020,England,CumDeathsByDate,42784
17/08/2020,Northern Ireland,CumDeathsByDate,
18/08/2020,Northern Ireland,CumDeathsByDate,
18/08/2020,Scotland,CumDeathsByDate,
18/08/2020,Wales,CumDeathsByDate,
18/08/2020,England,CumDeathsByDate,42830
19/08/2020,England,CumDeathsByDate,42882
19/08/2020,Wales,CumDeathsByDate,
19/08/2020,Northern Ireland,CumDeathsByDate,
19/08/2020,Scotland,CumDeathsByDate,
20/08/2020,Scotland,CumDeathsByDate,
20/08/2020,England,CumDeathsByDate,42938
20/08/2020,Wales,CumDeathsByDate,
20/08/2020,Northern Ireland,CumDeathsByDate,
21/08/2020,Northern Ireland,CumDeathsByDate,
21/08/2020,Scotland,CumDeathsByDate,
21/08/2020,Wales,CumDeathsByDate,
21/08/2020,England,CumDeathsByDate,42977
22/08/2020,Wales,CumDeathsByDate,
22/08/2020,England,CumDeathsByDate,43020
22/08/2020,Northern Ireland,CumDeathsByDate,
22/08/2020,Scotland,CumDeathsByDate,
23/08/2020,Scotland,CumDeathsByDate,
23/08/2020,England,CumDeathsByDate,43072
23/08/2020,Wales,CumDeathsByDate,
23/08/2020,Northern Ireland,CumDeathsByDate,
24/08/2020,Northern Ireland,CumDeathsByDate,
24/08/2020,Scotland,CumDeathsByDate,
24/08/2020,Wales,CumDeathsByDate,
24/08/2020,England,CumDeathsByDate,43115
25/08/2020,Wales,CumDeathsByDate,
25/08/2020,England,CumDeathsByDate,43173
25/08/2020,Northern Ireland,CumDeathsByDate,
25/08/2020,Scotland,CumDeathsByDate,
26/08/2020,Scotland,CumDeathsByDate,
26/08/2020,Wales,CumDeathsByDate,
26/08/2020,England,CumDeathsByDate,43229
26/08/2020,Northern Ireland,CumDeathsByDate,
27/08/2020,Northern Ireland,CumDeathsByDate,
27/08/2020,Scotland,CumDeathsByDate,
27/08/2020,England,CumDeathsByDate,43274
27/08/2020,Wales,CumDeathsByDate,
28/08/2020,England,CumDeathsByDate,43322
28/08/2020,Wales,CumDeathsByDate,
28/08/2020,Northern Ireland,CumDeathsByDate,
28/08/2020,Scotland,CumDeathsByDate,
29/08/2020,Scotland,CumDeathsByDate,
29/08/2020,Wales,CumDeathsByDate,
29/08/2020,England,CumDeathsByDate,43365
29/08/2020,Northern Ireland,CumDeathsByDate,
30/08/2020,Northern Ireland,CumDeathsByDate,
30/08/2020,Scotland,CumDeathsByDate,
30/08/2020,England,CumDeathsByDate,43400
30/08/2020,Wales,CumDeathsByDate,
31/08/2020,England,CumDeathsByDate,43462
31/08/2020,Wales,CumDeathsByDate,
31/08/2020,Northern Ireland,CumDeathsByDate,
31/08/2020,Scotland,CumDeathsByDate,
01/09/2020,Scotland,CumDeathsByDate,
01/09/2020,Wales,CumDeathsByDate,
01/09/2020,England,CumDeathsByDate,43517
01/09/2020,Northern Ireland,CumDeathsByDate,
02/09/2020,Northern Ireland,CumDeathsByDate,
02/09/2020,Scotland,CumDeathsByDate,
02/09/2020,Wales,CumDeathsByDate,
02/09/2020,England,CumDeathsByDate,43561
03/09/2020,Wales,CumDeathsByDate,
03/09/2020,England,CumDeathsByDate,43612
03/09/2020,Northern Ireland,CumDeathsByDate,
03/09/2020,Scotland,CumDeathsByDate,
04/09/2020,Scotland,CumDeathsByDate,
04/09/2020,Wales,CumDeathsByDate,
04/09/2020,England,CumDeathsByDate,43670
04/09/2020,Northern Ireland,CumDeathsByDate,
05/09/2020,Northern Ireland,CumDeathsByDate,
05/09/2020,Scotland,CumDeathsByDate,
05/09/2020,Wales,CumDeathsByDate,
05/09/2020,England,CumDeathsByDate,43740
06/09/2020,Wales,CumDeathsByDate,
06/09/2020,England,CumDeathsByDate,43792
06/09/2020,Northern Ireland,CumDeathsByDate,
06/09/2020,Scotland,CumDeathsByDate,
07/09/2020,Scotland,CumDeathsByDate,
07/09/2020,England,CumDeathsByDate,43843
07/09/2020,Wales,CumDeathsByDate,
07/09/2020,Northern Ireland,CumDeathsByDate,
08/09/2020,Northern Ireland,CumDeathsByDate,
08/09/2020,Scotland,CumDeathsByDate,
08/09/2020,Wales,CumDeathsByDate,
08/09/2020,England,CumDeathsByDate,43900
09/09/2020,England,CumDeathsByDate,43951
09/09/2020,Wales,CumDeathsByDate,
09/09/2020,Northern Ireland,CumDeathsByDate,
09/09/2020,Scotland,CumDeathsByDate,
10/09/2020,Scotland,CumDeathsByDate,
10/09/2020,Wales,CumDeathsByDate,
10/09/2020,England,CumDeathsByDate,43992
10/09/2020,Northern Ireland,CumDeathsByDate,
11/09/2020,Northern Ireland,CumDeathsByDate,
11/09/2020,Scotland,CumDeathsByDate,
11/09/2020,Wales,CumDeathsByDate,
11/09/2020,England,CumDeathsByDate,44032
12/09/2020,England,CumDeathsByDate,44089
12/09/2020,Wales,CumDeathsByDate,
12/09/2020,Northern Ireland,CumDeathsByDate,
12/09/2020,Scotland,CumDeathsByDate,
13/09/2020,Scotland,CumDeathsByDate,
13/09/2020,England,CumDeathsByDate,44144
13/09/2020,Wales,CumDeathsByDate,
13/09/2020,Northern Ireland,CumDeathsByDate,
14/09/2020,England,CumDeathsByDate,44203
14/09/2020,Northern Ireland,CumDeathsByDate,
14/09/2020,Wales,CumDeathsByDate,
14/09/2020,Scotland,CumDeathsByDate,
15/09/2020,Scotland,CumDeathsByDate,
15/09/2020,England,CumDeathsByDate,44273
15/09/2020,Northern Ireland,CumDeathsByDate,
15/09/2020,Wales,CumDeathsByDate,
16/09/2020,Northern Ireland,CumDeathsByDate,
16/09/2020,England,CumDeathsByDate,44335
16/09/2020,Wales,CumDeathsByDate,
16/09/2020,Scotland,CumDeathsByDate,
17/09/2020,Scotland,CumDeathsByDate,
17/09/2020,England,CumDeathsByDate,44398
17/09/2020,Wales,CumDeathsByDate,
17/09/2020,Northern Ireland,CumDeathsByDate,
18/09/2020,Wales,CumDeathsByDate,
18/09/2020,Northern Ireland,CumDeathsByDate,
18/09/2020,England,CumDeathsByDate,44464
18/09/2020,Scotland,CumDeathsByDate,
19/09/2020,Scotland,CumDeathsByDate,
19/09/2020,Northern Ireland,CumDeathsByDate,
19/09/2020,England,CumDeathsByDate,44523
19/09/2020,Wales,CumDeathsByDate,
20/09/2020,Wales,CumDeathsByDate,
20/09/2020,Northern Ireland,CumDeathsByDate,
20/09/2020,England,CumDeathsByDate,44595
20/09/2020,Scotland,CumDeathsByDate,
21/09/2020,Scotland,CumDeathsByDate,
21/09/2020,Wales,CumDeathsByDate,
21/09/2020,England,CumDeathsByDate,44663
21/09/2020,Northern Ireland,CumDeathsByDate,
22/09/2020,Northern Ireland,CumDeathsByDate,
22/09/2020,Wales,CumDeathsByDate,
22/09/2020,England,CumDeathsByDate,44742
22/09/2020,Scotland,CumDeathsByDate,
23/09/2020,Scotland,CumDeathsByDate,
23/09/2020,Wales,CumDeathsByDate,
23/09/2020,England,CumDeathsByDate,44834
23/09/2020,Northern Ireland,CumDeathsByDate,
24/09/2020,Northern Ireland,CumDeathsByDate,
24/09/2020,Wales,CumDeathsByDate,
24/09/2020,England,CumDeathsByDate,44907
24/09/2020,Scotland,CumDeathsByDate,
25/09/2020,Scotland,CumDeathsByDate,
25/09/2020,England,CumDeathsByDate,44978
25/09/2020,Northern Ireland,CumDeathsByDate,
25/09/2020,Wales,CumDeathsByDate,
26/09/2020,Wales,CumDeathsByDate,
26/09/2020,England,CumDeathsByDate,45048
26/09/2020,Northern Ireland,CumDeathsByDate,
26/09/2020,Scotland,CumDeathsByDate,
27/09/2020,Scotland,CumDeathsByDate,
27/09/2020,Northern Ireland,CumDeathsByDate,
27/09/2020,Wales,CumDeathsByDate,
27/09/2020,England,CumDeathsByDate,45142
28/09/2020,England,CumDeathsByDate,45239
28/09/2020,Northern Ireland,CumDeathsByDate,
28/09/2020,Wales,CumDeathsByDate,
28/09/2020,Scotland,CumDeathsByDate,
29/09/2020,Scotland,CumDeathsByDate,
29/09/2020,Northern Ireland,CumDeathsByDate,
29/09/2020,England,CumDeathsByDate,45313
29/09/2020,Wales,CumDeathsByDate,
30/09/2020,Wales,CumDeathsByDate,
30/09/2020,Northern Ireland,CumDeathsByDate,
30/09/2020,England,CumDeathsByDate,45408
30/09/2020,Scotland,CumDeathsByDate,
01/10/2020,Scotland,CumDeathsByDate,
01/10/2020,Northern Ireland,CumDeathsByDate,
01/10/2020,England,CumDeathsByDate,45515
01/10/2020,Wales,CumDeathsByDate,
02/10/2020,England,CumDeathsByDate,45620
02/10/2020,Northern Ireland,CumDeathsByDate,
02/10/2020,Wales,CumDeathsByDate,
02/10/2020,Scotland,CumDeathsByDate,
03/10/2020,Scotland,CumDeathsByDate,
03/10/2020,Northern Ireland,CumDeathsByDate,
03/10/2020,England,CumDeathsByDate,45723
03/10/2020,Wales,CumDeathsByDate,
04/10/2020,England,CumDeathsByDate,45810
04/10/2020,Northern Ireland,CumDeathsByDate,
04/10/2020,Wales,CumDeathsByDate,
04/10/2020,Scotland,CumDeathsByDate,
05/10/2020,Scotland,CumDeathsByDate,
05/10/2020,Wales,CumDeathsByDate,
05/10/2020,England,CumDeathsByDate,45914
05/10/2020,Northern Ireland,CumDeathsByDate,
06/10/2020,Wales,CumDeathsByDate,
06/10/2020,Northern Ireland,CumDeathsByDate,
06/10/2020,England,CumDeathsByDate,46019
06/10/2020,Scotland,CumDeathsByDate,
07/10/2020,Scotland,CumDeathsByDate,
07/10/2020,Northern Ireland,CumDeathsByDate,
07/10/2020,Wales,CumDeathsByDate,
07/10/2020,England,CumDeathsByDate,46137
08/10/2020,Northern Ireland,CumDeathsByDate,
08/10/2020,England,CumDeathsByDate,46250
08/10/2020,Wales,CumDeathsByDate,
08/10/2020,Scotland,CumDeathsByDate,
09/10/2020,Scotland,CumDeathsByDate,
09/10/2020,Wales,CumDeathsByDate,
09/10/2020,England,CumDeathsByDate,46361
09/10/2020,Northern Ireland,CumDeathsByDate,
10/10/2020,Northern Ireland,CumDeathsByDate,
10/10/2020,England,CumDeathsByDate,46483
10/10/2020,Wales,CumDeathsByDate,
10/10/2020,Scotland,CumDeathsByDate,
11/10/2020,Scotland,CumDeathsByDate,
11/10/2020,England,CumDeathsByDate,46626
11/10/2020,Northern Ireland,CumDeathsByDate,
11/10/2020,Wales,CumDeathsByDate,
12/10/2020,England,CumDeathsByDate,46757
12/10/2020,Northern Ireland,CumDeathsByDate,
12/10/2020,Wales,CumDeathsByDate,
12/10/2020,Scotland,CumDeathsByDate,
13/10/2020,Scotland,CumDeathsByDate,
13/10/2020,Northern Ireland,CumDeathsByDate,
13/10/2020,Wales,CumDeathsByDate,
13/10/2020,England,CumDeathsByDate,46891
14/10/2020,Wales,CumDeathsByDate,
14/10/2020,England,CumDeathsByDate,47030
14/10/2020,Northern Ireland,CumDeathsByDate,
14/10/2020,Scotland,CumDeathsByDate,
15/10/2020,Scotland,CumDeathsByDate,
15/10/2020,Northern Ireland,CumDeathsByDate,
15/10/2020,Wales,CumDeathsByDate,
15/10/2020,England,CumDeathsByDate,47190
16/10/2020,England,CumDeathsByDate,47352
16/10/2020,Wales,CumDeathsByDate,
16/10/2020,Northern Ireland,CumDeathsByDate,
16/10/2020,Scotland,CumDeathsByDate,
17/10/2020,Scotland,CumDeathsByDate,
17/10/2020,Wales,CumDeathsByDate,
17/10/2020,Northern Ireland,CumDeathsByDate,
17/10/2020,England,CumDeathsByDate,47554
18/10/2020,Northern Ireland,CumDeathsByDate,
18/10/2020,Wales,CumDeathsByDate,
18/10/2020,England,CumDeathsByDate,47704
18/10/2020,Scotland,CumDeathsByDate,
19/10/2020,Scotland,CumDeathsByDate,
19/10/2020,Wales,CumDeathsByDate,
19/10/2020,England,CumDeathsByDate,47900
19/10/2020,Northern Ireland,CumDeathsByDate,
20/10/2020,Wales,CumDeathsByDate,
20/10/2020,England,CumDeathsByDate,48125
20/10/2020,Northern Ireland,CumDeathsByDate,
20/10/2020,Scotland,CumDeathsByDate,
21/10/2020,Scotland,CumDeathsByDate,
21/10/2020,Wales,CumDeathsByDate,
21/10/2020,Northern Ireland,CumDeathsByDate,
21/10/2020,England,CumDeathsByDate,48372
22/10/2020,Northern Ireland,CumDeathsByDate,
22/10/2020,England,CumDeathsByDate,48607
22/10/2020,Wales,CumDeathsByDate,
22/10/2020,Scotland,CumDeathsByDate,
23/10/2020,Scotland,CumDeathsByDate,
23/10/2020,Wales,CumDeathsByDate,
23/10/2020,England,CumDeathsByDate,48849
23/10/2020,Northern Ireland,CumDeathsByDate,
24/10/2020,Wales,CumDeathsByDate,
24/10/2020,Northern Ireland,CumDeathsByDate,
24/10/2020,England,CumDeathsByDate,49073
24/10/2020,Scotland,CumDeathsByDate,
25/10/2020,Scotland,CumDeathsByDate,
25/10/2020,Wales,CumDeathsByDate,
25/10/2020,England,CumDeathsByDate,49315
25/10/2020,Northern Ireland,CumDeathsByDate,
26/10/2020,England,CumDeathsByDate,49573
26/10/2020,Northern Ireland,CumDeathsByDate,
26/10/2020,Wales,CumDeathsByDate,
26/10/2020,Scotland,CumDeathsByDate,
27/10/2020,Scotland,CumDeathsByDate,
27/10/2020,England,CumDeathsByDate,49835
27/10/2020,Northern Ireland,CumDeathsByDate,
27/10/2020,Wales,CumDeathsByDate,
28/10/2020,Northern Ireland,CumDeathsByDate,
28/10/2020,Wales,CumDeathsByDate,
28/10/2020,England,CumDeathsByDate,50108
28/10/2020,Scotland,CumDeathsByDate,
29/10/2020,Scotland,CumDeathsByDate,
29/10/2020,England,CumDeathsByDate,50400
29/10/2020,Northern Ireland,CumDeathsByDate,
29/10/2020,Wales,CumDeathsByDate,
30/10/2020,England,CumDeathsByDate,50731
30/10/2020,Northern Ireland,CumDeathsByDate,
30/10/2020,Wales,CumDeathsByDate,
30/10/2020,Scotland,CumDeathsByDate,
31/10/2020,Scotland,CumDeathsByDate,
31/10/2020,England,CumDeathsByDate,51055
31/10/2020,Wales,CumDeathsByDate,
31/10/2020,Northern Ireland,CumDeathsByDate,
01/11/2020,England,CumDeathsByDate,51378
01/11/2020,Wales,CumDeathsByDate,
01/11/2020,Northern Ireland,CumDeathsByDate,
01/11/2020,Scotland,CumDeathsByDate,
02/11/2020,Scotland,CumDeathsByDate,
02/11/2020,England,CumDeathsByDate,51703
02/11/2020,Northern Ireland,CumDeathsByDate,
02/11/2020,Wales,CumDeathsByDate,
03/11/2020,Northern Ireland,CumDeathsByDate,
03/11/2020,Wales,CumDeathsByDate,
03/11/2020,England,CumDeathsByDate,52042
03/11/2020,Scotland,CumDeathsByDate,
04/11/2020,Scotland,CumDeathsByDate,
04/11/2020,England,CumDeathsByDate,52362
04/11/2020,Wales,CumDeathsByDate,
04/11/2020,Northern Ireland,CumDeathsByDate,
05/11/2020,England,CumDeathsByDate,52730
05/11/2020,Wales,CumDeathsByDate,
05/11/2020,Northern Ireland,CumDeathsByDate,
05/11/2020,Scotland,CumDeathsByDate,
06/11/2020,Scotland,CumDeathsByDate,
06/11/2020,Northern Ireland,CumDeathsByDate,
06/11/2020,Wales,CumDeathsByDate,
06/11/2020,England,CumDeathsByDate,53106
07/11/2020,England,CumDeathsByDate,53499
07/11/2020,Wales,CumDeathsByDate,
07/11/2020,Northern Ireland,CumDeathsByDate,
07/11/2020,Scotland,CumDeathsByDate,
08/11/2020,Scotland,CumDeathsByDate,
08/11/2020,England,CumDeathsByDate,53894
08/11/2020,Wales,CumDeathsByDate,
08/11/2020,Northern Ireland,CumDeathsByDate,
09/11/2020,Northern Ireland,CumDeathsByDate,
09/11/2020,England,CumDeathsByDate,54368
09/11/2020,Wales,CumDeathsByDate,
09/11/2020,Scotland,CumDeathsByDate,
10/11/2020,Scotland,CumDeathsByDate,
10/11/2020,Wales,CumDeathsByDate,
10/11/2020,Northern Ireland,CumDeathsByDate,
10/11/2020,England,CumDeathsByDate,54734
11/11/2020,Northern Ireland,CumDeathsByDate,
11/11/2020,Wales,CumDeathsByDate,
11/11/2020,England,CumDeathsByDate,55105
11/11/2020,Scotland,CumDeathsByDate,
12/11/2020,Scotland,CumDeathsByDate,
12/11/2020,Northern Ireland,CumDeathsByDate,
12/11/2020,England,CumDeathsByDate,55517
12/11/2020,Wales,CumDeathsByDate,
13/11/2020,Wales,CumDeathsByDate,
13/11/2020,Northern Ireland,CumDeathsByDate,
13/11/2020,England,CumDeathsByDate,55919
13/11/2020,Scotland,CumDeathsByDate,
14/11/2020,Scotland,CumDeathsByDate,
14/11/2020,Wales,CumDeathsByDate,
14/11/2020,Northern Ireland,CumDeathsByDate,
14/11/2020,England,CumDeathsByDate,56344
15/11/2020,England,CumDeathsByDate,56778
15/11/2020,Northern Ireland,CumDeathsByDate,
15/11/2020,Wales,CumDeathsByDate,
15/11/2020,Scotland,CumDeathsByDate,
16/11/2020,Scotland,CumDeathsByDate,
16/11/2020,England,CumDeathsByDate,57184
16/11/2020,Wales,CumDeathsByDate,
16/11/2020,Northern Ireland,CumDeathsByDate,
17/11/2020,England,CumDeathsByDate,57619
17/11/2020,Northern Ireland,CumDeathsByDate,
17/11/2020,Wales,CumDeathsByDate,
17/11/2020,Scotland,CumDeathsByDate,
18/11/2020,Scotland,CumDeathsByDate,
18/11/2020,Northern Ireland,CumDeathsByDate,
18/11/2020,Wales,CumDeathsByDate,
18/11/2020,England,CumDeathsByDate,58121
19/11/2020,Wales,CumDeathsByDate,
19/11/2020,England,CumDeathsByDate,58572
19/11/2020,Northern Ireland,CumDeathsByDate,
19/11/2020,Scotland,CumDeathsByDate,
20/11/2020,Scotland,CumDeathsByDate,
20/11/2020,Northern Ireland,CumDeathsByDate,
20/11/2020,England,CumDeathsByDate,59038
20/11/2020,Wales,CumDeathsByDate,
21/11/2020,Wales,CumDeathsByDate,
21/11/2020,England,CumDeathsByDate,59505
21/11/2020,Northern Ireland,CumDeathsByDate,
21/11/2020,Scotland,CumDeathsByDate,
22/11/2020,Scotland,CumDeathsByDate,
22/11/2020,England,CumDeathsByDate,59988
22/11/2020,Wales,CumDeathsByDate,
22/11/2020,Northern Ireland,CumDeathsByDate,
23/11/2020,Wales,CumDeathsByDate,
23/11/2020,England,CumDeathsByDate,60456
23/11/2020,Northern Ireland,CumDeathsByDate,
23/11/2020,Scotland,CumDeathsByDate,
24/11/2020,Scotland,CumDeathsByDate,
24/11/2020,Wales,CumDeathsByDate,
24/11/2020,England,CumDeathsByDate,60928
24/11/2020,Northern Ireland,CumDeathsByDate,
25/11/2020,England,CumDeathsByDate,61436
25/11/2020,Wales,CumDeathsByDate,
25/11/2020,Northern Ireland,CumDeathsByDate,
25/11/2020,Scotland,CumDeathsByDate,
26/11/2020,Scotland,CumDeathsByDate,
26/11/2020,Wales,CumDeathsByDate,
26/11/2020,Northern Ireland,CumDeathsByDate,
26/11/2020,England,CumDeathsByDate,61885
27/11/2020,Wales,CumDeathsByDate,
27/11/2020,Northern Ireland,CumDeathsByDate,
27/11/2020,England,CumDeathsByDate,62325
27/11/2020,Scotland,CumDeathsByDate,
28/11/2020,Scotland,CumDeathsByDate,
28/11/2020,England,CumDeathsByDate,62784
28/11/2020,Northern Ireland,CumDeathsByDate,
28/11/2020,Wales,CumDeathsByDate,
29/11/2020,Northern Ireland,CumDeathsByDate,
29/11/2020,Wales,CumDeathsByDate,
29/11/2020,England,CumDeathsByDate,63261
29/11/2020,Scotland,CumDeathsByDate,
30/11/2020,Scotland,CumDeathsByDate,
30/11/2020,England,CumDeathsByDate,63720
30/11/2020,Wales,CumDeathsByDate,
30/11/2020,Northern Ireland,CumDeathsByDate,
01/12/2020,England,CumDeathsByDate,64152
01/12/2020,Wales,CumDeathsByDate,
01/12/2020,Northern Ireland,CumDeathsByDate,
01/12/2020,Scotland,CumDeathsByDate,
02/12/2020,Scotland,CumDeathsByDate,
02/12/2020,England,CumDeathsByDate,64579
02/12/2020,Wales,CumDeathsByDate,
02/12/2020,Northern Ireland,CumDeathsByDate,
03/12/2020,Wales,CumDeathsByDate,
03/12/2020,Northern Ireland,CumDeathsByDate,
03/12/2020,England,CumDeathsByDate,65081
03/12/2020,Scotland,CumDeathsByDate,
04/12/2020,Scotland,CumDeathsByDate,
04/12/2020,England,CumDeathsByDate,65569
04/12/2020,Northern Ireland,CumDeathsByDate,
04/12/2020,Wales,CumDeathsByDate,
05/12/2020,Wales,CumDeathsByDate,
05/12/2020,England,CumDeathsByDate,66003
05/12/2020,Northern Ireland,CumDeathsByDate,
05/12/2020,Scotland,CumDeathsByDate,
06/12/2020,Scotland,CumDeathsByDate,
06/12/2020,Northern Ireland,CumDeathsByDate,
06/12/2020,Wales,CumDeathsByDate,
06/12/2020,England,CumDeathsByDate,66443
07/12/2020,England,CumDeathsByDate,66894
07/12/2020,Wales,CumDeathsByDate,
07/12/2020,Northern Ireland,CumDeathsByDate,
07/12/2020,Scotland,CumDeathsByDate,
08/12/2020,Scotland,CumDeathsByDate,
08/12/2020,Wales,CumDeathsByDate,
08/12/2020,England,CumDeathsByDate,67366
08/12/2020,Northern Ireland,CumDeathsByDate,
09/12/2020,Wales,CumDeathsByDate,
09/12/2020,Northern Ireland,CumDeathsByDate,
09/12/2020,England,CumDeathsByDate,67823
09/12/2020,Scotland,CumDeathsByDate,
10/12/2020,Scotland,CumDeathsByDate,
10/12/2020,England,CumDeathsByDate,68303
10/12/2020,Wales,CumDeathsByDate,
10/12/2020,Northern Ireland,CumDeathsByDate,
11/12/2020,Wales,CumDeathsByDate,
11/12/2020,England,CumDeathsByDate,68808
11/12/2020,Northern Ireland,CumDeathsByDate,
11/12/2020,Scotland,CumDeathsByDate,
12/12/2020,Scotland,CumDeathsByDate,
12/12/2020,England,CumDeathsByDate,69295
12/12/2020,Wales,CumDeathsByDate,
12/12/2020,Northern Ireland,CumDeathsByDate,
13/12/2020,Northern Ireland,CumDeathsByDate,
13/12/2020,Wales,CumDeathsByDate,
13/12/2020,England,CumDeathsByDate,69764
13/12/2020,Scotland,CumDeathsByDate,
14/12/2020,Scotland,CumDeathsByDate,
14/12/2020,England,CumDeathsByDate,70276
14/12/2020,Northern Ireland,CumDeathsByDate,
14/12/2020,Wales,CumDeathsByDate,
15/12/2020,England,CumDeathsByDate,70759
15/12/2020,Wales,CumDeathsByDate,
15/12/2020,Northern Ireland,CumDeathsByDate,
15/12/2020,Scotland,CumDeathsByDate,
16/12/2020,Scotland,CumDeathsByDate,
16/12/2020,Northern Ireland,CumDeathsByDate,
16/12/2020,Wales,CumDeathsByDate,
16/12/2020,England,CumDeathsByDate,71211
17/12/2020,Northern Ireland,CumDeathsByDate,
17/12/2020,Wales,CumDeathsByDate,
17/12/2020,England,CumDeathsByDate,71770
17/12/2020,Scotland,CumDeathsByDate,
18/12/2020,Scotland,CumDeathsByDate,
18/12/2020,England,CumDeathsByDate,72326
18/12/2020,Northern Ireland,CumDeathsByDate,
18/12/2020,Wales,CumDeathsByDate,
19/12/2020,England,CumDeathsByDate,72852
19/12/2020,Wales,CumDeathsByDate,
19/12/2020,Northern Ireland,CumDeathsByDate,
19/12/2020,Scotland,CumDeathsByDate,
20/12/2020,Scotland,CumDeathsByDate,
20/12/2020,Northern Ireland,CumDeathsByDate,
20/12/2020,Wales,CumDeathsByDate,
20/12/2020,England,CumDeathsByDate,73390
21/12/2020,England,CumDeathsByDate,74026
21/12/2020,Northern Ireland,CumDeathsByDate,
21/12/2020,Wales,CumDeathsByDate,
21/12/2020,Scotland,CumDeathsByDate,
22/12/2020,Scotland,CumDeathsByDate,
22/12/2020,England,CumDeathsByDate,74650
22/12/2020,Wales,CumDeathsByDate,
22/12/2020,Northern Ireland,CumDeathsByDate,
23/12/2020,Wales,CumDeathsByDate,
23/12/2020,Northern Ireland,CumDeathsByDate,
23/12/2020,England,CumDeathsByDate,75263
23/12/2020,Scotland,CumDeathsByDate,
24/12/2020,Scotland,CumDeathsByDate,
24/12/2020,Wales,CumDeathsByDate,
24/12/2020,Northern Ireland,CumDeathsByDate,
24/12/2020,England,CumDeathsByDate,75860
25/12/2020,Northern Ireland,CumDeathsByDate,
25/12/2020,England,CumDeathsByDate,76503
25/12/2020,Wales,CumDeathsByDate,
25/12/2020,Scotland,CumDeathsByDate,
26/12/2020,Scotland,CumDeathsByDate,
26/12/2020,Northern Ireland,CumDeathsByDate,
26/12/2020,Wales,CumDeathsByDate,
26/12/2020,England,CumDeathsByDate,77198
27/12/2020,Northern Ireland,CumDeathsByDate,
27/12/2020,England,CumDeathsByDate,77893
27/12/2020,Wales,CumDeathsByDate,
27/12/2020,Scotland,CumDeathsByDate,
28/12/2020,England,CumDeathsByDate,78600
29/12/2020,England,CumDeathsByDate,79293
30/12/2020,England,CumDeathsByDate,80040
31/12/2020,England,CumDeathsByDate,80816
01/01/2021,England,CumDeathsByDate,81589
02/01/2021,England,CumDeathsByDate,82383
03/01/2021,England,CumDeathsByDate,83155
04/01/2021,England,CumDeathsByDate,84047
05/01/2021,England,CumDeathsByDate,84989
06/01/2021,England,CumDeathsByDate,85958
07/01/2021,England,CumDeathsByDate,86985
08/01/2021,England,CumDeathsByDate,88014
09/01/2021,England,CumDeathsByDate,89081
10/01/2021,England,CumDeathsByDate,90214
11/01/2021,England,CumDeathsByDate,91364
12/01/2021,England,CumDeathsByDate,92602
13/01/2021,England,CumDeathsByDate,93842
14/01/2021,England,CumDeathsByDate,95064
15/01/2021,England,CumDeathsByDate,96318
16/01/2021,England,CumDeathsByDate,97650
17/01/2021,England,CumDeathsByDate,98974
18/01/2021,England,CumDeathsByDate,100306
19/01/2021,England,CumDeathsByDate,101743
20/01/2021,England,CumDeathsByDate,103089
21/01/2021,England,CumDeathsByDate,104388
22/01/2021,England,CumDeathsByDate,105675
23/01/2021,England,CumDeathsByDate,106921
24/01/2021,England,CumDeathsByDate,108114
25/01/2021,England,CumDeathsByDate,109362
26/01/2021,England,CumDeathsByDate,110506
27/01/2021,England,CumDeathsByDate,111707
28/01/2021,England,CumDeathsByDate,112913
29/01/2021,England,CumDeathsByDate,114033
30/01/2021,England,CumDeathsByDate,115044
31/01/2021,England,CumDeathsByDate,116039
01/02/2021,England,CumDeathsByDate,117032
02/02/2021,England,CumDeathsByDate,117986
03/02/2021,England,CumDeathsByDate,118976
04/02/2021,England,CumDeathsByDate,119843
05/02/2021,England,CumDeathsByDate,120725
06/02/2021,England,CumDeathsByDate,121521
07/02/2021,England,CumDeathsByDate,122339
08/02/2021,England,CumDeathsByDate,123158
09/02/2021,England,CumDeathsByDate,123929
10/02/2021,England,CumDeathsByDate,124701
11/02/2021,England,CumDeathsByDate,125437
12/02/2021,England,CumDeathsByDate,126108
13/02/2021,England,CumDeathsByDate,126770
14/02/2021,England,CumDeathsByDate,127448
15/02/2021,England,CumDeathsByDate,128158
16/02/2021,England,CumDeathsByDate,128834
17/02/2021,England,CumDeathsByDate,129441
18/02/2021,England,CumDeathsByDate,130050
19/02/2021,England,CumDeathsByDate,130608
20/02/2021,England,CumDeathsByDate,131155
21/02/2021,England,CumDeathsByDate,131668
22/02/2021,England,CumDeathsByDate,132144
23/02/2021,England,CumDeathsByDate,132643
24/02/2021,England,CumDeathsByDate,133112
25/02/2021,England,CumDeathsByDate,133578
26/02/2021,England,CumDeathsByDate,133993
27/02/2021,England,CumDeathsByDate,134399
28/02/2021,England,CumDeathsByDate,134801
01/03/2021,England,CumDeathsByDate,135213
02/03/2021,England,CumDeathsByDate,135577
03/03/2021,England,CumDeathsByDate,135911
04/03/2021,England,CumDeathsByDate,136266
05/03/2021,England,CumDeathsByDate,136607
06/03/2021,England,CumDeathsByDate,136935
07/03/2021,England,CumDeathsByDate,137271
08/03/2021,England,CumDeathsByDate,137619
09/03/2021,England,CumDeathsByDate,137939
10/03/2021,England,CumDeathsByDate,138250
11/03/2021,England,CumDeathsByDate,138587
12/03/2021,England,CumDeathsByDate,138868
13/03/2021,England,CumDeathsByDate,139165
14/03/2021,England,CumDeathsByDate,139431
15/03/2021,England,CumDeathsByDate,139729
16/03/2021,England,CumDeathsByDate,140001
17/03/2021,England,CumDeathsByDate,140254
18/03/2021,England,CumDeathsByDate,140498
19/03/2021,England,CumDeathsByDate,140732
20/03/2021,England,CumDeathsByDate,140978
21/03/2021,England,CumDeathsByDate,141245
22/03/2021,England,CumDeathsByDate,141482
23/03/2021,England,CumDeathsByDate,141718
24/03/2021,England,CumDeathsByDate,141919
25/03/2021,England,CumDeathsByDate,142142
26/03/2021,England,CumDeathsByDate,142346
27/03/2021,England,CumDeathsByDate,142530
28/03/2021,England,CumDeathsByDate,142708
29/03/2021,England,CumDeathsByDate,142935
30/03/2021,England,CumDeathsByDate,143119
31/03/2021,England,CumDeathsByDate,143344
01/04/2021,England,CumDeathsByDate,143541
02/04/2021,England,CumDeathsByDate,143720
03/04/2021,England,CumDeathsByDate,143879
04/04/2021,England,CumDeathsByDate,144075
05/04/2021,England,CumDeathsByDate,144257
06/04/2021,England,CumDeathsByDate,144444
07/04/2021,England,CumDeathsByDate,144612
08/04/2021,England,CumDeathsByDate,144806
09/04/2021,England,CumDeathsByDate,144993
10/04/2021,England,CumDeathsByDate,145156
11/04/2021,England,CumDeathsByDate,145343
12/04/2021,England,CumDeathsByDate,145521
13/04/2021,England,CumDeathsByDate,145694
14/04/2021,England,CumDeathsByDate,145861
15/04/2021,England,CumDeathsByDate,146031
16/04/2021,England,CumDeathsByDate,146187
17/04/2021,England,CumDeathsByDate,146366
18/04/2021,England,CumDeathsByDate,146549
19/04/2021,England,CumDeathsByDate,146719
20/04/2021,England,CumDeathsByDate,146888
21/04/2021,England,CumDeathsByDate,147039
22/04/2021,England,CumDeathsByDate,147211
23/04/2021,England,CumDeathsByDate,147366
24/04/2021,England,CumDeathsByDate,147516
25/04/2021,England,CumDeathsByDate,147663
26/04/2021,England,CumDeathsByDate,147799
27/04/2021,England,CumDeathsByDate,147962
28/04/2021,England,CumDeathsByDate,148120
29/04/2021,England,CumDeathsByDate,148257
30/04/2021,England,CumDeathsByDate,148414
01/05/2021,England,CumDeathsByDate,148584
02/05/2021,England,CumDeathsByDate,148711
03/05/2021,England,CumDeathsByDate,148869
04/05/2021,England,CumDeathsByDate,149018
05/05/2021,England,CumDeathsByDate,149174
06/05/2021,England,CumDeathsByDate,149307
07/05/2021,England,CumDeathsByDate,149472
08/05/2021,England,CumDeathsByDate,149641
09/05/2021,England,CumDeathsByDate,149807
10/05/2021,England,CumDeathsByDate,149958
11/05/2021,England,CumDeathsByDate,150123
12/05/2021,England,CumDeathsByDate,150259
13/05/2021,England,CumDeathsByDate,150411
14/05/2021,England,CumDeathsByDate,150564
15/05/2021,England,CumDeathsByDate,150719
16/05/2021,England,CumDeathsByDate,150851
17/05/2021,England,CumDeathsByDate,150982
18/05/2021,England,CumDeathsByDate,151120
19/05/2021,England,CumDeathsByDate,151238
20/05/2021,England,CumDeathsByDate,151348
21/05/2021,England,CumDeathsByDate,151490
22/05/2021,England,CumDeathsByDate,151607
23/05/2021,England,CumDeathsByDate,151732
24/05/2021,England,CumDeathsByDate,151860
25/05/2021,England,CumDeathsByDate,151980
26/05/2021,England,CumDeathsByDate,152121
27/05/2021,England,CumDeathsByDate,152221
28/05/2021,England,CumDeathsByDate,152322
29/05/2021,England,CumDeathsByDate,152421
30/05/2021,England,CumDeathsByDate,152514
31/05/2021,England,CumDeathsByDate,152617
01/06/2021,England,CumDeathsByDate,152715
02/06/2021,England,CumDeathsByDate,152810
03/06/2021,England,CumDeathsByDate,152908
04/06/2021,England,CumDeathsByDate,152957
05/06/2021,England,CumDeathsByDate,152971
06/06/2021,England,CumDeathsByDate,152982
07/06/2021,England,CumDeathsByDate,152986
08/06/2021,England,CumDeathsByDate,152991
09/06/2021,England,CumDeathsByDate,130683
10/06/2021,England,CumDeathsByDate,130697
11/06/2021,England,CumDeathsByDate,130710
12/06/2021,England,CumDeathsByDate,130725
13/06/2021,England,CumDeathsByDate,130735
14/06/2021,England,CumDeathsByDate,130745
15/06/2021,England,CumDeathsByDate,130762
16/06/2021,England,CumDeathsByDate,130773
17/06/2021,England,CumDeathsByDate,130785
18/06/2021,England,CumDeathsByDate,130797
19/06/2021,England,CumDeathsByDate,130812
20/06/2021,England,CumDeathsByDate,130824
21/06/2021,England,CumDeathsByDate,130831
22/06/2021,England,CumDeathsByDate,130832
