Date,Nation,Metric,Vaccine
08/12/2020,England,CumFullyVaccByDate,7917
09/12/2020,England,CumFullyVaccByDate,8062
10/12/2020,Scotland,CumFullyVaccByDate,1
10/12/2020,England,CumFullyVaccByDate,8181
11/12/2020,Scotland,CumFullyVaccByDate,2
11/12/2020,England,CumFullyVaccByDate,8264
12/12/2020,Scotland,CumFullyVaccByDate,3
12/12/2020,England,CumFullyVaccByDate,8289
13/12/2020,England,CumFullyVaccByDate,8320
13/12/2020,Scotland,CumFullyVaccByDate,3
14/12/2020,Scotland,CumFullyVaccByDate,4
14/12/2020,England,CumFullyVaccByDate,8473
15/12/2020,England,CumFullyVaccByDate,8590
15/12/2020,Scotland,CumFullyVaccByDate,9
16/12/2020,Scotland,CumFullyVaccByDate,11
16/12/2020,England,CumFullyVaccByDate,8745
17/12/2020,Scotland,CumFullyVaccByDate,11
17/12/2020,England,CumFullyVaccByDate,8918
18/12/2020,Scotland,CumFullyVaccByDate,18
18/12/2020,England,CumFullyVaccByDate,9073
19/12/2020,England,CumFullyVaccByDate,9090
19/12/2020,Scotland,CumFullyVaccByDate,18
20/12/2020,England,CumFullyVaccByDate,9108
20/12/2020,Scotland,CumFullyVaccByDate,19
21/12/2020,England,CumFullyVaccByDate,9187
21/12/2020,Scotland,CumFullyVaccByDate,30
22/12/2020,Scotland,CumFullyVaccByDate,37
22/12/2020,England,CumFullyVaccByDate,9250
23/12/2020,England,CumFullyVaccByDate,9283
23/12/2020,Scotland,CumFullyVaccByDate,42
24/12/2020,England,CumFullyVaccByDate,9287
24/12/2020,Scotland,CumFullyVaccByDate,43
25/12/2020,Scotland,CumFullyVaccByDate,43
25/12/2020,England,CumFullyVaccByDate,9290
26/12/2020,England,CumFullyVaccByDate,9296
26/12/2020,Scotland,CumFullyVaccByDate,43
27/12/2020,England,CumFullyVaccByDate,9297
27/12/2020,Scotland,CumFullyVaccByDate,43
28/12/2020,Scotland,CumFullyVaccByDate,1
28/12/2020,England,CumFullyVaccByDate,9306
29/12/2020,England,CumFullyVaccByDate,11487
29/12/2020,Scotland,CumFullyVaccByDate,8
30/12/2020,England,CumFullyVaccByDate,15618
30/12/2020,Scotland,CumFullyVaccByDate,31
31/12/2020,Scotland,CumFullyVaccByDate,41
31/12/2020,England,CumFullyVaccByDate,20198
01/01/2021,Scotland,CumFullyVaccByDate,42
01/01/2021,England,CumFullyVaccByDate,21264
02/01/2021,Scotland,CumFullyVaccByDate,50
02/01/2021,England,CumFullyVaccByDate,25781
03/01/2021,Scotland,CumFullyVaccByDate,50
03/01/2021,England,CumFullyVaccByDate,29431
04/01/2021,Scotland,CumFullyVaccByDate,60
04/01/2021,England,CumFullyVaccByDate,38469
05/01/2021,England,CumFullyVaccByDate,79654
05/01/2021,Scotland,CumFullyVaccByDate,978
06/01/2021,Scotland,CumFullyVaccByDate,2001
06/01/2021,England,CumFullyVaccByDate,149561
07/01/2021,England,CumFullyVaccByDate,218432
07/01/2021,Scotland,CumFullyVaccByDate,2333
08/01/2021,Scotland,CumFullyVaccByDate,2732
08/01/2021,England,CumFullyVaccByDate,271354
09/01/2021,England,CumFullyVaccByDate,326984
09/01/2021,Scotland,CumFullyVaccByDate,2967
10/01/2021,Scotland,CumFullyVaccByDate,2979
10/01/2021,England,CumFullyVaccByDate,366898
11/01/2021,Scotland,CumFullyVaccByDate,3125
11/01/2021,England,CumFullyVaccByDate,381762
12/01/2021,England,CumFullyVaccByDate,391544
12/01/2021,Scotland,CumFullyVaccByDate,3298
13/01/2021,England,CumFullyVaccByDate,397580
13/01/2021,Scotland,CumFullyVaccByDate,3554
14/01/2021,Scotland,CumFullyVaccByDate,3751
14/01/2021,England,CumFullyVaccByDate,401187
15/01/2021,England,CumFullyVaccByDate,403427
15/01/2021,Scotland,CumFullyVaccByDate,3961
16/01/2021,England,CumFullyVaccByDate,404697
16/01/2021,Scotland,CumFullyVaccByDate,4096
17/01/2021,England,CumFullyVaccByDate,405482
17/01/2021,Scotland,CumFullyVaccByDate,4173
18/01/2021,England,CumFullyVaccByDate,406448
18/01/2021,Scotland,CumFullyVaccByDate,4452
19/01/2021,Scotland,CumFullyVaccByDate,4761
19/01/2021,England,CumFullyVaccByDate,407752
20/01/2021,England,CumFullyVaccByDate,409371
20/01/2021,Scotland,CumFullyVaccByDate,5134
21/01/2021,Scotland,CumFullyVaccByDate,5398
21/01/2021,England,CumFullyVaccByDate,410882
22/01/2021,England,CumFullyVaccByDate,411596
22/01/2021,Scotland,CumFullyVaccByDate,5911
23/01/2021,England,CumFullyVaccByDate,412242
23/01/2021,Scotland,CumFullyVaccByDate,6144
24/01/2021,Scotland,CumFullyVaccByDate,6320
24/01/2021,England,CumFullyVaccByDate,412782
25/01/2021,Scotland,CumFullyVaccByDate,6892
25/01/2021,England,CumFullyVaccByDate,413376
26/01/2021,England,CumFullyVaccByDate,413924
26/01/2021,Scotland,CumFullyVaccByDate,7545
27/01/2021,England,CumFullyVaccByDate,414575
27/01/2021,Scotland,CumFullyVaccByDate,7800
28/01/2021,Scotland,CumFullyVaccByDate,8091
28/01/2021,England,CumFullyVaccByDate,415799
29/01/2021,England,CumFullyVaccByDate,418111
29/01/2021,Scotland,CumFullyVaccByDate,8664
30/01/2021,England,CumFullyVaccByDate,420478
30/01/2021,Scotland,CumFullyVaccByDate,8877
31/01/2021,England,CumFullyVaccByDate,422891
31/01/2021,Scotland,CumFullyVaccByDate,8928
01/02/2021,England,CumFullyVaccByDate,424317
01/02/2021,Scotland,CumFullyVaccByDate,9568
02/02/2021,England,CumFullyVaccByDate,425668
02/02/2021,Scotland,CumFullyVaccByDate,10044
03/02/2021,England,CumFullyVaccByDate,428063
03/02/2021,Scotland,CumFullyVaccByDate,10390
04/02/2021,Scotland,CumFullyVaccByDate,11065
04/02/2021,England,CumFullyVaccByDate,430928
05/02/2021,England,CumFullyVaccByDate,432864
05/02/2021,Scotland,CumFullyVaccByDate,11952
06/02/2021,England,CumFullyVaccByDate,433544
06/02/2021,Scotland,CumFullyVaccByDate,12226
07/02/2021,England,CumFullyVaccByDate,433984
07/02/2021,Scotland,CumFullyVaccByDate,12355
08/02/2021,England,CumFullyVaccByDate,435098
08/02/2021,Scotland,CumFullyVaccByDate,13717
09/02/2021,England,CumFullyVaccByDate,437675
09/02/2021,Scotland,CumFullyVaccByDate,14461
10/02/2021,Scotland,CumFullyVaccByDate,14917
10/02/2021,England,CumFullyVaccByDate,442025
11/02/2021,England,CumFullyVaccByDate,446413
11/02/2021,Scotland,CumFullyVaccByDate,15431
12/02/2021,England,CumFullyVaccByDate,450528
12/02/2021,Scotland,CumFullyVaccByDate,16041
13/02/2021,England,CumFullyVaccByDate,452819
13/02/2021,Scotland,CumFullyVaccByDate,16431
14/02/2021,Scotland,CumFullyVaccByDate,16660
14/02/2021,England,CumFullyVaccByDate,453628
15/02/2021,Scotland,CumFullyVaccByDate,19169
15/02/2021,England,CumFullyVaccByDate,455348
16/02/2021,Scotland,CumFullyVaccByDate,22260
16/02/2021,England,CumFullyVaccByDate,458803
17/02/2021,Scotland,CumFullyVaccByDate,25639
17/02/2021,England,CumFullyVaccByDate,463705
18/02/2021,Scotland,CumFullyVaccByDate,29950
18/02/2021,England,CumFullyVaccByDate,468852
19/02/2021,Scotland,CumFullyVaccByDate,34137
19/02/2021,England,CumFullyVaccByDate,473445
20/02/2021,Scotland,CumFullyVaccByDate,35943
20/02/2021,England,CumFullyVaccByDate,476370
21/02/2021,Scotland,CumFullyVaccByDate,37598
21/02/2021,England,CumFullyVaccByDate,478832
22/02/2021,Scotland,CumFullyVaccByDate,43332
22/02/2021,England,CumFullyVaccByDate,484414
23/02/2021,England,CumFullyVaccByDate,494381
23/02/2021,Scotland,CumFullyVaccByDate,50118
24/02/2021,Scotland,CumFullyVaccByDate,56628
24/02/2021,England,CumFullyVaccByDate,509488
25/02/2021,England,CumFullyVaccByDate,526973
25/02/2021,Scotland,CumFullyVaccByDate,62818
26/02/2021,England,CumFullyVaccByDate,543699
26/02/2021,Scotland,CumFullyVaccByDate,69469
27/02/2021,Scotland,CumFullyVaccByDate,73641
27/02/2021,England,CumFullyVaccByDate,558749
28/02/2021,England,CumFullyVaccByDate,567945
28/02/2021,Scotland,CumFullyVaccByDate,75840
01/03/2021,Scotland,CumFullyVaccByDate,81290
01/03/2021,England,CumFullyVaccByDate,579654
02/03/2021,Scotland,CumFullyVaccByDate,89431
02/03/2021,England,CumFullyVaccByDate,606541
03/03/2021,England,CumFullyVaccByDate,648602
03/03/2021,Scotland,CumFullyVaccByDate,97599
04/03/2021,Scotland,CumFullyVaccByDate,104721
04/03/2021,England,CumFullyVaccByDate,690566
05/03/2021,Scotland,CumFullyVaccByDate,110126
05/03/2021,England,CumFullyVaccByDate,724806
06/03/2021,England,CumFullyVaccByDate,745106
06/03/2021,Scotland,CumFullyVaccByDate,113129
07/03/2021,England,CumFullyVaccByDate,753225
07/03/2021,Scotland,CumFullyVaccByDate,114713
08/03/2021,Scotland,CumFullyVaccByDate,119300
08/03/2021,England,CumFullyVaccByDate,775446
09/03/2021,Scotland,CumFullyVaccByDate,128541
09/03/2021,England,CumFullyVaccByDate,821005
10/03/2021,Scotland,CumFullyVaccByDate,137249
10/03/2021,England,CumFullyVaccByDate,886472
11/03/2021,Scotland,CumFullyVaccByDate,144824
11/03/2021,England,CumFullyVaccByDate,936554
12/03/2021,Scotland,CumFullyVaccByDate,151486
12/03/2021,England,CumFullyVaccByDate,999235
13/03/2021,Scotland,CumFullyVaccByDate,156415
13/03/2021,England,CumFullyVaccByDate,1035464
14/03/2021,England,CumFullyVaccByDate,1048663
14/03/2021,Scotland,CumFullyVaccByDate,158322
15/03/2021,Scotland,CumFullyVaccByDate,165765
15/03/2021,England,CumFullyVaccByDate,1078548
16/03/2021,England,CumFullyVaccByDate,1141328
16/03/2021,Scotland,CumFullyVaccByDate,177167
17/03/2021,Scotland,CumFullyVaccByDate,187581
17/03/2021,England,CumFullyVaccByDate,1228700
18/03/2021,Scotland,CumFullyVaccByDate,197393
18/03/2021,England,CumFullyVaccByDate,1327899
19/03/2021,Scotland,CumFullyVaccByDate,205163
19/03/2021,England,CumFullyVaccByDate,1421251
20/03/2021,England,CumFullyVaccByDate,1488102
20/03/2021,Scotland,CumFullyVaccByDate,217932
21/03/2021,Scotland,CumFullyVaccByDate,220494
21/03/2021,England,CumFullyVaccByDate,1516577
22/03/2021,Scotland,CumFullyVaccByDate,230651
22/03/2021,England,CumFullyVaccByDate,1577684
23/03/2021,Scotland,CumFullyVaccByDate,245598
23/03/2021,England,CumFullyVaccByDate,1707531
24/03/2021,England,CumFullyVaccByDate,1907317
24/03/2021,Scotland,CumFullyVaccByDate,259793
25/03/2021,England,CumFullyVaccByDate,2116324
25/03/2021,Scotland,CumFullyVaccByDate,275535
26/03/2021,England,CumFullyVaccByDate,2326788
26/03/2021,Scotland,CumFullyVaccByDate,289836
27/03/2021,Scotland,CumFullyVaccByDate,316639
27/03/2021,England,CumFullyVaccByDate,2544902
28/03/2021,England,CumFullyVaccByDate,2632458
28/03/2021,Scotland,CumFullyVaccByDate,323011
29/03/2021,Scotland,CumFullyVaccByDate,339433
29/03/2021,England,CumFullyVaccByDate,2756271
30/03/2021,England,CumFullyVaccByDate,2978190
30/03/2021,Scotland,CumFullyVaccByDate,362563
31/03/2021,England,CumFullyVaccByDate,3298351
31/03/2021,Scotland,CumFullyVaccByDate,390200
01/04/2021,Scotland,CumFullyVaccByDate,411983
01/04/2021,England,CumFullyVaccByDate,3684106
02/04/2021,Scotland,CumFullyVaccByDate,427327
02/04/2021,England,CumFullyVaccByDate,3886768
03/04/2021,Scotland,CumFullyVaccByDate,439456
03/04/2021,England,CumFullyVaccByDate,4032886
04/04/2021,England,CumFullyVaccByDate,4068822
04/04/2021,Scotland,CumFullyVaccByDate,443237
05/04/2021,England,CumFullyVaccByDate,4114856
05/04/2021,Scotland,CumFullyVaccByDate,450966
06/04/2021,Scotland,CumFullyVaccByDate,469058
06/04/2021,England,CumFullyVaccByDate,4262585
07/04/2021,England,CumFullyVaccByDate,4616917
07/04/2021,Scotland,CumFullyVaccByDate,493356
08/04/2021,England,CumFullyVaccByDate,4995167
08/04/2021,Scotland,CumFullyVaccByDate,517884
09/04/2021,Scotland,CumFullyVaccByDate,538310
09/04/2021,England,CumFullyVaccByDate,5377500
10/04/2021,England,CumFullyVaccByDate,5800462
10/04/2021,Scotland,CumFullyVaccByDate,568584
11/04/2021,Scotland,CumFullyVaccByDate,577287
11/04/2021,England,CumFullyVaccByDate,5949816
12/04/2021,Scotland,CumFullyVaccByDate,597661
12/04/2021,England,CumFullyVaccByDate,6107324
13/04/2021,England,CumFullyVaccByDate,6326776
13/04/2021,Scotland,CumFullyVaccByDate,622851
14/04/2021,England,CumFullyVaccByDate,6602054
14/04/2021,Scotland,CumFullyVaccByDate,652348
15/04/2021,Scotland,CumFullyVaccByDate,676530
15/04/2021,England,CumFullyVaccByDate,6947279
16/04/2021,Scotland,CumFullyVaccByDate,699523
16/04/2021,England,CumFullyVaccByDate,7369136
17/04/2021,Scotland,CumFullyVaccByDate,727444
17/04/2021,England,CumFullyVaccByDate,7822742
18/04/2021,England,CumFullyVaccByDate,8007403
18/04/2021,Scotland,CumFullyVaccByDate,738163
19/04/2021,Scotland,CumFullyVaccByDate,781491
19/04/2021,England,CumFullyVaccByDate,8197339
20/04/2021,Scotland,CumFullyVaccByDate,831316
20/04/2021,England,CumFullyVaccByDate,8454091
21/04/2021,England,CumFullyVaccByDate,8777956
21/04/2021,Scotland,CumFullyVaccByDate,881283
22/04/2021,England,CumFullyVaccByDate,9112927
22/04/2021,Scotland,CumFullyVaccByDate,927757
23/04/2021,Scotland,CumFullyVaccByDate,965511
23/04/2021,England,CumFullyVaccByDate,9491389
24/04/2021,England,CumFullyVaccByDate,9966827
24/04/2021,Scotland,CumFullyVaccByDate,1012746
25/04/2021,England,CumFullyVaccByDate,10183374
25/04/2021,Scotland,CumFullyVaccByDate,1039393
26/04/2021,Scotland,CumFullyVaccByDate,1075002
26/04/2021,England,CumFullyVaccByDate,10411194
27/04/2021,Scotland,CumFullyVaccByDate,1114264
27/04/2021,England,CumFullyVaccByDate,10708941
28/04/2021,Scotland,CumFullyVaccByDate,1155367
28/04/2021,England,CumFullyVaccByDate,11085143
29/04/2021,England,CumFullyVaccByDate,11470425
29/04/2021,Scotland,CumFullyVaccByDate,1195499
30/04/2021,England,CumFullyVaccByDate,11818208
30/04/2021,Scotland,CumFullyVaccByDate,1232572
01/05/2021,England,CumFullyVaccByDate,12145693
01/05/2021,Scotland,CumFullyVaccByDate,1262123
02/05/2021,England,CumFullyVaccByDate,12277501
02/05/2021,Scotland,CumFullyVaccByDate,1287349
03/05/2021,England,CumFullyVaccByDate,12369855
03/05/2021,Scotland,CumFullyVaccByDate,1308655
04/05/2021,England,CumFullyVaccByDate,12572044
04/05/2021,Scotland,CumFullyVaccByDate,1335257
05/05/2021,Scotland,CumFullyVaccByDate,1362221
05/05/2021,England,CumFullyVaccByDate,12916605
06/05/2021,England,CumFullyVaccByDate,13333578
06/05/2021,Scotland,CumFullyVaccByDate,1385446
07/05/2021,Scotland,CumFullyVaccByDate,1403715
07/05/2021,England,CumFullyVaccByDate,13744032
08/05/2021,England,CumFullyVaccByDate,14145184
08/05/2021,Scotland,CumFullyVaccByDate,1423710
09/05/2021,Scotland,CumFullyVaccByDate,1437960
09/05/2021,England,CumFullyVaccByDate,14300051
10/05/2021,England,CumFullyVaccByDate,14478135
10/05/2021,Scotland,CumFullyVaccByDate,1456813
11/05/2021,England,CumFullyVaccByDate,14783242
11/05/2021,Scotland,CumFullyVaccByDate,1479299
12/05/2021,England,CumFullyVaccByDate,15185512
12/05/2021,Scotland,CumFullyVaccByDate,1502866
13/05/2021,Scotland,CumFullyVaccByDate,1525940
13/05/2021,England,CumFullyVaccByDate,15561157
14/05/2021,England,CumFullyVaccByDate,15900448
14/05/2021,Scotland,CumFullyVaccByDate,1548622
15/05/2021,Scotland,CumFullyVaccByDate,1568870
15/05/2021,England,CumFullyVaccByDate,16255068
16/05/2021,England,CumFullyVaccByDate,16409475
16/05/2021,Scotland,CumFullyVaccByDate,1585479
17/05/2021,Scotland,CumFullyVaccByDate,1617070
17/05/2021,England,CumFullyVaccByDate,16609827
18/05/2021,Scotland,CumFullyVaccByDate,1651252
18/05/2021,England,CumFullyVaccByDate,16874854
19/05/2021,Scotland,CumFullyVaccByDate,1684424
19/05/2021,England,CumFullyVaccByDate,17181331
20/05/2021,Scotland,CumFullyVaccByDate,1714048
20/05/2021,England,CumFullyVaccByDate,17548145
21/05/2021,Scotland,CumFullyVaccByDate,1744900
21/05/2021,England,CumFullyVaccByDate,17917676
22/05/2021,Scotland,CumFullyVaccByDate,1773823
22/05/2021,England,CumFullyVaccByDate,18437929
23/05/2021,England,CumFullyVaccByDate,18657634
23/05/2021,Scotland,CumFullyVaccByDate,1795072
24/05/2021,Scotland,CumFullyVaccByDate,1822997
24/05/2021,England,CumFullyVaccByDate,18915352
25/05/2021,England,CumFullyVaccByDate,19236998
25/05/2021,Scotland,CumFullyVaccByDate,1855566
26/05/2021,Scotland,CumFullyVaccByDate,1884280
26/05/2021,England,CumFullyVaccByDate,19602360
27/05/2021,England,CumFullyVaccByDate,19958525
27/05/2021,Scotland,CumFullyVaccByDate,1911925
28/05/2021,England,CumFullyVaccByDate,20329765
28/05/2021,Scotland,CumFullyVaccByDate,1938756
29/05/2021,England,CumFullyVaccByDate,20708282
29/05/2021,Scotland,CumFullyVaccByDate,1962597
30/05/2021,England,CumFullyVaccByDate,20881591
30/05/2021,Scotland,CumFullyVaccByDate,1981879
31/05/2021,Scotland,CumFullyVaccByDate,2012762
31/05/2021,England,CumFullyVaccByDate,21029451
01/06/2021,England,CumFullyVaccByDate,21299510
01/06/2021,Scotland,CumFullyVaccByDate,2044558
02/06/2021,England,CumFullyVaccByDate,21580794
02/06/2021,Scotland,CumFullyVaccByDate,2076222
03/06/2021,England,CumFullyVaccByDate,21890057
03/06/2021,Scotland,CumFullyVaccByDate,2107876
04/06/2021,Scotland,CumFullyVaccByDate,2139518
04/06/2021,England,CumFullyVaccByDate,22211354
05/06/2021,England,CumFullyVaccByDate,22636731
05/06/2021,Scotland,CumFullyVaccByDate,2166978
06/06/2021,Scotland,CumFullyVaccByDate,2188124
06/06/2021,England,CumFullyVaccByDate,22854256
07/06/2021,Scotland,CumFullyVaccByDate,2219379
07/06/2021,England,CumFullyVaccByDate,23089004
08/06/2021,England,CumFullyVaccByDate,23336607
08/06/2021,Scotland,CumFullyVaccByDate,2251221
09/06/2021,Scotland,CumFullyVaccByDate,2282193
09/06/2021,England,CumFullyVaccByDate,23589979
10/06/2021,England,CumFullyVaccByDate,23840658
10/06/2021,Scotland,CumFullyVaccByDate,2310725
11/06/2021,Scotland,CumFullyVaccByDate,2337655
11/06/2021,England,CumFullyVaccByDate,24089692
12/06/2021,England,CumFullyVaccByDate,24369646
12/06/2021,Scotland,CumFullyVaccByDate,2361080
13/06/2021,England,CumFullyVaccByDate,24521928
13/06/2021,Scotland,CumFullyVaccByDate,2380684
14/06/2021,England,CumFullyVaccByDate,24686235
14/06/2021,Scotland,CumFullyVaccByDate,2405097
15/06/2021,Scotland,CumFullyVaccByDate,2427995
15/06/2021,England,CumFullyVaccByDate,24858836
16/06/2021,Scotland,CumFullyVaccByDate,2450462
16/06/2021,England,CumFullyVaccByDate,25037768
17/06/2021,England,CumFullyVaccByDate,25211107
17/06/2021,Scotland,CumFullyVaccByDate,2470138
18/06/2021,England,CumFullyVaccByDate,25376002
18/06/2021,Scotland,CumFullyVaccByDate,2489183
19/06/2021,England,CumFullyVaccByDate,25576647
19/06/2021,Scotland,CumFullyVaccByDate,2506252
20/06/2021,Scotland,CumFullyVaccByDate,2520586
20/06/2021,England,CumFullyVaccByDate,25656653
21/06/2021,Scotland,CumFullyVaccByDate,2536200
21/06/2021,England,CumFullyVaccByDate,25751285
22/06/2021,England,CumFullyVaccByDate,25873001
22/06/2021,Scotland,CumFullyVaccByDate,2550684
23/06/2021,Scotland,CumFullyVaccByDate,2565084
23/06/2021,England,CumFullyVaccByDate,25993462
24/06/2021,England,CumFullyVaccByDate,26128314
24/06/2021,Scotland,CumFullyVaccByDate,2580536
25/06/2021,England,CumFullyVaccByDate,26260744
25/06/2021,Scotland,CumFullyVaccByDate,2596070
26/06/2021,England,CumFullyVaccByDate,26439808
26/06/2021,Scotland,CumFullyVaccByDate,2608922
27/06/2021,England,CumFullyVaccByDate,26538966
27/06/2021,Scotland,CumFullyVaccByDate,2620028
28/06/2021,England,CumFullyVaccByDate,26641948
28/06/2021,Scotland,CumFullyVaccByDate,2629517
29/06/2021,England,CumFullyVaccByDate,26755005
29/06/2021,Scotland,CumFullyVaccByDate,2640100
30/06/2021,Scotland,CumFullyVaccByDate,2651019
30/06/2021,England,CumFullyVaccByDate,26892106
01/07/2021,England,CumFullyVaccByDate,27037763
01/07/2021,Scotland,CumFullyVaccByDate,2664314
02/07/2021,Scotland,CumFullyVaccByDate,2676934
02/07/2021,England,CumFullyVaccByDate,27176878
03/07/2021,England,CumFullyVaccByDate,27346389
03/07/2021,Scotland,CumFullyVaccByDate,2688381
04/07/2021,England,CumFullyVaccByDate,27432892
04/07/2021,Scotland,CumFullyVaccByDate,2700126
05/07/2021,Scotland,CumFullyVaccByDate,2717042
05/07/2021,England,CumFullyVaccByDate,27539012
06/07/2021,Scotland,CumFullyVaccByDate,2734848
06/07/2021,England,CumFullyVaccByDate,27647146
07/07/2021,England,CumFullyVaccByDate,27775578
07/07/2021,Scotland,CumFullyVaccByDate,2752152
08/07/2021,Scotland,CumFullyVaccByDate,2769920
08/07/2021,England,CumFullyVaccByDate,27913006
09/07/2021,England,CumFullyVaccByDate,28059109
09/07/2021,Scotland,CumFullyVaccByDate,2787074
10/07/2021,England,CumFullyVaccByDate,28239701
10/07/2021,Scotland,CumFullyVaccByDate,2802889
11/07/2021,Scotland,CumFullyVaccByDate,2818785
11/07/2021,England,CumFullyVaccByDate,28323001
12/07/2021,Scotland,CumFullyVaccByDate,2828913
12/07/2021,England,CumFullyVaccByDate,28418062
13/07/2021,England,CumFullyVaccByDate,28542099
13/07/2021,Scotland,CumFullyVaccByDate,2840398
14/07/2021,England,CumFullyVaccByDate,28691770
14/07/2021,Scotland,CumFullyVaccByDate,2853567
15/07/2021,England,CumFullyVaccByDate,28862372
15/07/2021,Scotland,CumFullyVaccByDate,2866122
16/07/2021,England,CumFullyVaccByDate,29030304
16/07/2021,Scotland,CumFullyVaccByDate,2879981
17/07/2021,Scotland,CumFullyVaccByDate,2891614
17/07/2021,England,CumFullyVaccByDate,29234885
18/07/2021,Scotland,CumFullyVaccByDate,2903833
18/07/2021,England,CumFullyVaccByDate,29341029
19/07/2021,England,CumFullyVaccByDate,29449393
19/07/2021,Scotland,CumFullyVaccByDate,2920443
20/07/2021,Scotland,CumFullyVaccByDate,2936049
20/07/2021,England,CumFullyVaccByDate,29574211
21/07/2021,Scotland,CumFullyVaccByDate,2953216
21/07/2021,England,CumFullyVaccByDate,29719854
22/07/2021,Scotland,CumFullyVaccByDate,2969329
22/07/2021,England,CumFullyVaccByDate,29876336
23/07/2021,England,CumFullyVaccByDate,30031442
23/07/2021,Scotland,CumFullyVaccByDate,2988108
24/07/2021,England,CumFullyVaccByDate,30214106
24/07/2021,Scotland,CumFullyVaccByDate,3002671
25/07/2021,England,CumFullyVaccByDate,30309483
25/07/2021,Scotland,CumFullyVaccByDate,3015199
26/07/2021,England,CumFullyVaccByDate,30417584
26/07/2021,Scotland,CumFullyVaccByDate,3032003
27/07/2021,Scotland,CumFullyVaccByDate,3048541
27/07/2021,England,CumFullyVaccByDate,30533676
28/07/2021,England,CumFullyVaccByDate,30665891
28/07/2021,Scotland,CumFullyVaccByDate,3068053
29/07/2021,England,CumFullyVaccByDate,30810202
29/07/2021,Scotland,CumFullyVaccByDate,3085236
30/07/2021,Scotland,CumFullyVaccByDate,3102485
30/07/2021,England,CumFullyVaccByDate,30951788
31/07/2021,Scotland,CumFullyVaccByDate,3121209
31/07/2021,England,CumFullyVaccByDate,31138644
01/08/2021,England,CumFullyVaccByDate,31232357
01/08/2021,Scotland,CumFullyVaccByDate,3137105
02/08/2021,Scotland,CumFullyVaccByDate,3154072
02/08/2021,England,CumFullyVaccByDate,31325604
03/08/2021,England,CumFullyVaccByDate,31435472
03/08/2021,Scotland,CumFullyVaccByDate,3172449
04/08/2021,Scotland,CumFullyVaccByDate,3191458
04/08/2021,England,CumFullyVaccByDate,31568596
05/08/2021,England,CumFullyVaccByDate,31711930
05/08/2021,Scotland,CumFullyVaccByDate,3207852
06/08/2021,Scotland,CumFullyVaccByDate,3226943
06/08/2021,England,CumFullyVaccByDate,31853002
07/08/2021,England,CumFullyVaccByDate,32043048
07/08/2021,Scotland,CumFullyVaccByDate,3244923
08/08/2021,Scotland,CumFullyVaccByDate,3262751
08/08/2021,England,CumFullyVaccByDate,32139285
09/08/2021,England,CumFullyVaccByDate,32250636
09/08/2021,Scotland,CumFullyVaccByDate,3278381
10/08/2021,Scotland,CumFullyVaccByDate,3295862
10/08/2021,England,CumFullyVaccByDate,32371954
11/08/2021,England,CumFullyVaccByDate,32519680
11/08/2021,Scotland,CumFullyVaccByDate,3314110
12/08/2021,Scotland,CumFullyVaccByDate,3332467
12/08/2021,England,CumFullyVaccByDate,32686079
13/08/2021,England,CumFullyVaccByDate,32832596
13/08/2021,Scotland,CumFullyVaccByDate,3350520
14/08/2021,Scotland,CumFullyVaccByDate,3369495
14/08/2021,England,CumFullyVaccByDate,33011480
15/08/2021,England,CumFullyVaccByDate,33113884
15/08/2021,Scotland,CumFullyVaccByDate,3386324
16/08/2021,Scotland,CumFullyVaccByDate,3400680
16/08/2021,England,CumFullyVaccByDate,33231103
17/08/2021,England,CumFullyVaccByDate,33352037
17/08/2021,Scotland,CumFullyVaccByDate,3416668
18/08/2021,Scotland,CumFullyVaccByDate,3430752
18/08/2021,England,CumFullyVaccByDate,33499741
19/08/2021,England,CumFullyVaccByDate,33654853
19/08/2021,Scotland,CumFullyVaccByDate,3444507
20/08/2021,Scotland,CumFullyVaccByDate,3458879
20/08/2021,England,CumFullyVaccByDate,33802968
21/08/2021,England,CumFullyVaccByDate,33979890
21/08/2021,Scotland,CumFullyVaccByDate,3474203
22/08/2021,Scotland,CumFullyVaccByDate,3488243
22/08/2021,England,CumFullyVaccByDate,34076704
23/08/2021,England,CumFullyVaccByDate,34189737
23/08/2021,Scotland,CumFullyVaccByDate,3503212
24/08/2021,Scotland,CumFullyVaccByDate,3519622
24/08/2021,England,CumFullyVaccByDate,34314009
25/08/2021,England,CumFullyVaccByDate,34442533
25/08/2021,Scotland,CumFullyVaccByDate,3534005
26/08/2021,Scotland,CumFullyVaccByDate,3545191
26/08/2021,England,CumFullyVaccByDate,34570912
27/08/2021,England,CumFullyVaccByDate,34687591
27/08/2021,Scotland,CumFullyVaccByDate,3556009
28/08/2021,Scotland,CumFullyVaccByDate,3570305
28/08/2021,England,CumFullyVaccByDate,34806257
29/08/2021,England,CumFullyVaccByDate,34872100
29/08/2021,Scotland,CumFullyVaccByDate,3583104
30/08/2021,Scotland,CumFullyVaccByDate,3595010
30/08/2021,England,CumFullyVaccByDate,34924745
31/08/2021,England,CumFullyVaccByDate,35029686
31/08/2021,Scotland,CumFullyVaccByDate,3605317
01/09/2021,Scotland,CumFullyVaccByDate,3613440
01/09/2021,England,CumFullyVaccByDate,35131435
02/09/2021,England,CumFullyVaccByDate,35235268
02/09/2021,Scotland,CumFullyVaccByDate,3622915
03/09/2021,Scotland,CumFullyVaccByDate,3630837
03/09/2021,England,CumFullyVaccByDate,35334937
04/09/2021,England,CumFullyVaccByDate,35453184
04/09/2021,Scotland,CumFullyVaccByDate,3640006
05/09/2021,Scotland,CumFullyVaccByDate,3649448
05/09/2021,England,CumFullyVaccByDate,35513495
06/09/2021,England,CumFullyVaccByDate,35584318
06/09/2021,Scotland,CumFullyVaccByDate,3655344
07/09/2021,Scotland,CumFullyVaccByDate,3661999
07/09/2021,England,CumFullyVaccByDate,35656135
08/09/2021,England,CumFullyVaccByDate,35732092
08/09/2021,Scotland,CumFullyVaccByDate,3669489
09/09/2021,Scotland,CumFullyVaccByDate,3674530
09/09/2021,England,CumFullyVaccByDate,35819795
10/09/2021,England,CumFullyVaccByDate,35899646
10/09/2021,Scotland,CumFullyVaccByDate,3680893
11/09/2021,Scotland,CumFullyVaccByDate,3688523
11/09/2021,England,CumFullyVaccByDate,35987964
12/09/2021,England,CumFullyVaccByDate,36031533
12/09/2021,Scotland,CumFullyVaccByDate,3695555
13/09/2021,Scotland,CumFullyVaccByDate,3698759
13/09/2021,England,CumFullyVaccByDate,36085899
14/09/2021,England,CumFullyVaccByDate,36142287
14/09/2021,Scotland,CumFullyVaccByDate,3702191
15/09/2021,Scotland,CumFullyVaccByDate,3705511
15/09/2021,England,CumFullyVaccByDate,36199307
16/09/2021,England,CumFullyVaccByDate,36258479
16/09/2021,Scotland,CumFullyVaccByDate,3708489
17/09/2021,Scotland,CumFullyVaccByDate,3711345
17/09/2021,England,CumFullyVaccByDate,36314425
18/09/2021,England,CumFullyVaccByDate,36382301
18/09/2021,Scotland,CumFullyVaccByDate,3716144
19/09/2021,Scotland,CumFullyVaccByDate,3719867
19/09/2021,England,CumFullyVaccByDate,36413468
20/09/2021,England,CumFullyVaccByDate,36454975
20/09/2021,Scotland,CumFullyVaccByDate,3722274
21/09/2021,Scotland,CumFullyVaccByDate,3724303
21/09/2021,England,CumFullyVaccByDate,36494445
22/09/2021,England,CumFullyVaccByDate,36534761
22/09/2021,Scotland,CumFullyVaccByDate,3726514
23/09/2021,Scotland,CumFullyVaccByDate,3729270
23/09/2021,England,CumFullyVaccByDate,36577458
24/09/2021,England,CumFullyVaccByDate,36617587
24/09/2021,Scotland,CumFullyVaccByDate,3731580
25/09/2021,Scotland,CumFullyVaccByDate,3734495
25/09/2021,England,CumFullyVaccByDate,36662688
26/09/2021,England,CumFullyVaccByDate,36684763
26/09/2021,Scotland,CumFullyVaccByDate,3737163
27/09/2021,Scotland,CumFullyVaccByDate,3739657
27/09/2021,England,CumFullyVaccByDate,36713551
28/09/2021,England,CumFullyVaccByDate,36743512
28/09/2021,Scotland,CumFullyVaccByDate,3742034
29/09/2021,Scotland,CumFullyVaccByDate,3744516
29/09/2021,England,CumFullyVaccByDate,36774261
30/09/2021,England,CumFullyVaccByDate,36805219
30/09/2021,Scotland,CumFullyVaccByDate,3746776
01/10/2021,Scotland,CumFullyVaccByDate,3749285
01/10/2021,England,CumFullyVaccByDate,36833698
02/10/2021,England,CumFullyVaccByDate,36866099
02/10/2021,Scotland,CumFullyVaccByDate,3751241
03/10/2021,Scotland,CumFullyVaccByDate,3753121
03/10/2021,England,CumFullyVaccByDate,36883981
04/10/2021,England,CumFullyVaccByDate,36908027
04/10/2021,Scotland,CumFullyVaccByDate,3755468
05/10/2021,Scotland,CumFullyVaccByDate,3757750
05/10/2021,England,CumFullyVaccByDate,36932418
06/10/2021,England,CumFullyVaccByDate,36958131
06/10/2021,Scotland,CumFullyVaccByDate,3759701
07/10/2021,Scotland,CumFullyVaccByDate,3762057
07/10/2021,England,CumFullyVaccByDate,36983851
08/10/2021,England,CumFullyVaccByDate,37010418
08/10/2021,Scotland,CumFullyVaccByDate,3764300
09/10/2021,Scotland,CumFullyVaccByDate,3766200
09/10/2021,England,CumFullyVaccByDate,37043587
10/10/2021,England,CumFullyVaccByDate,37061510
10/10/2021,Scotland,CumFullyVaccByDate,3768930
11/10/2021,Scotland,CumFullyVaccByDate,3770523
11/10/2021,England,CumFullyVaccByDate,37084567
12/10/2021,England,CumFullyVaccByDate,37107142
12/10/2021,Scotland,CumFullyVaccByDate,3772614
13/10/2021,Scotland,CumFullyVaccByDate,3774267
13/10/2021,England,CumFullyVaccByDate,37130534
14/10/2021,England,CumFullyVaccByDate,37153680
14/10/2021,Scotland,CumFullyVaccByDate,3776401
15/10/2021,Scotland,CumFullyVaccByDate,3778329
15/10/2021,England,CumFullyVaccByDate,37179452
16/10/2021,England,CumFullyVaccByDate,37210895
16/10/2021,Scotland,CumFullyVaccByDate,3780083
17/10/2021,Scotland,CumFullyVaccByDate,3782106
17/10/2021,England,CumFullyVaccByDate,37226349
18/10/2021,England,CumFullyVaccByDate,37246336
18/10/2021,Scotland,CumFullyVaccByDate,3783746
19/10/2021,Scotland,CumFullyVaccByDate,3785676
19/10/2021,England,CumFullyVaccByDate,37267004
20/10/2021,England,CumFullyVaccByDate,37288822
20/10/2021,Scotland,CumFullyVaccByDate,3787728
21/10/2021,Scotland,CumFullyVaccByDate,3789731
21/10/2021,England,CumFullyVaccByDate,37310255
22/10/2021,England,CumFullyVaccByDate,37332589
22/10/2021,Scotland,CumFullyVaccByDate,3791566
23/10/2021,Scotland,CumFullyVaccByDate,3793207
23/10/2021,England,CumFullyVaccByDate,37362043
24/10/2021,England,CumFullyVaccByDate,37376351
24/10/2021,Scotland,CumFullyVaccByDate,3796107
25/10/2021,Scotland,CumFullyVaccByDate,3797811
25/10/2021,England,CumFullyVaccByDate,37394129
26/10/2021,England,CumFullyVaccByDate,37413055
26/10/2021,Scotland,CumFullyVaccByDate,3799623
27/10/2021,Scotland,CumFullyVaccByDate,3801488
27/10/2021,England,CumFullyVaccByDate,37433106
28/10/2021,England,CumFullyVaccByDate,37452544
28/10/2021,Scotland,CumFullyVaccByDate,3803216
29/10/2021,Scotland,CumFullyVaccByDate,3804619
29/10/2021,England,CumFullyVaccByDate,37471724
30/10/2021,England,CumFullyVaccByDate,37494942
30/10/2021,Scotland,CumFullyVaccByDate,3806330
31/10/2021,Scotland,CumFullyVaccByDate,3807443
31/10/2021,England,CumFullyVaccByDate,37507015
01/11/2021,England,CumFullyVaccByDate,37522642
01/11/2021,Scotland,CumFullyVaccByDate,3809227
02/11/2021,Scotland,CumFullyVaccByDate,3810596
02/11/2021,England,CumFullyVaccByDate,37539243
03/11/2021,England,CumFullyVaccByDate,37557043
03/11/2021,Scotland,CumFullyVaccByDate,3811715
04/11/2021,Scotland,CumFullyVaccByDate,3812866
04/11/2021,England,CumFullyVaccByDate,37573914
05/11/2021,England,CumFullyVaccByDate,37592839
05/11/2021,Scotland,CumFullyVaccByDate,3814477
06/11/2021,Scotland,CumFullyVaccByDate,3815967
06/11/2021,England,CumFullyVaccByDate,37616916
07/11/2021,England,CumFullyVaccByDate,37628518
07/11/2021,Scotland,CumFullyVaccByDate,3817133
08/11/2021,Scotland,CumFullyVaccByDate,3818315
08/11/2021,England,CumFullyVaccByDate,37645689
09/11/2021,England,CumFullyVaccByDate,37663530
09/11/2021,Scotland,CumFullyVaccByDate,3819616
10/11/2021,Scotland,CumFullyVaccByDate,3821383
10/11/2021,England,CumFullyVaccByDate,37683954
11/11/2021,England,CumFullyVaccByDate,37703692
11/11/2021,Scotland,CumFullyVaccByDate,3822603
12/11/2021,Scotland,CumFullyVaccByDate,3823926
12/11/2021,England,CumFullyVaccByDate,37722660
13/11/2021,England,CumFullyVaccByDate,37746577
13/11/2021,Scotland,CumFullyVaccByDate,3825410
14/11/2021,Scotland,CumFullyVaccByDate,3828581
14/11/2021,England,CumFullyVaccByDate,37758467
15/11/2021,England,CumFullyVaccByDate,37773718
15/11/2021,Scotland,CumFullyVaccByDate,3829803
16/11/2021,Scotland,CumFullyVaccByDate,3831098
16/11/2021,England,CumFullyVaccByDate,37790254
17/11/2021,England,CumFullyVaccByDate,37809103
17/11/2021,Scotland,CumFullyVaccByDate,3832698
18/11/2021,Scotland,CumFullyVaccByDate,3834159
18/11/2021,England,CumFullyVaccByDate,37826536
19/11/2021,England,CumFullyVaccByDate,37845461
19/11/2021,Scotland,CumFullyVaccByDate,3835406
20/11/2021,Scotland,CumFullyVaccByDate,3836753
20/11/2021,England,CumFullyVaccByDate,37868831
21/11/2021,England,CumFullyVaccByDate,37880585
21/11/2021,Scotland,CumFullyVaccByDate,3837915
22/11/2021,Scotland,CumFullyVaccByDate,3838978
22/11/2021,England,CumFullyVaccByDate,37896039
23/11/2021,England,CumFullyVaccByDate,37915402
23/11/2021,Scotland,CumFullyVaccByDate,3840260
24/11/2021,Scotland,CumFullyVaccByDate,3841391
24/11/2021,England,CumFullyVaccByDate,37936485
25/11/2021,England,CumFullyVaccByDate,37958815
25/11/2021,Scotland,CumFullyVaccByDate,3842563
26/11/2021,Scotland,CumFullyVaccByDate,3843696
26/11/2021,England,CumFullyVaccByDate,37982808
27/11/2021,England,CumFullyVaccByDate,38017055
27/11/2021,Scotland,CumFullyVaccByDate,3844748
28/11/2021,Scotland,CumFullyVaccByDate,3846721
28/11/2021,England,CumFullyVaccByDate,38041019
29/11/2021,England,CumFullyVaccByDate,38065068
29/11/2021,Scotland,CumFullyVaccByDate,3847879
30/11/2021,Scotland,CumFullyVaccByDate,3849411
30/11/2021,England,CumFullyVaccByDate,38093506
01/12/2021,England,CumFullyVaccByDate,38123701
01/12/2021,Scotland,CumFullyVaccByDate,3851139
02/12/2021,Scotland,CumFullyVaccByDate,3852827
02/12/2021,England,CumFullyVaccByDate,38151960
03/12/2021,England,CumFullyVaccByDate,38179885
03/12/2021,Scotland,CumFullyVaccByDate,3854488
04/12/2021,Scotland,CumFullyVaccByDate,3855936
04/12/2021,England,CumFullyVaccByDate,38216788
05/12/2021,England,CumFullyVaccByDate,38238659
05/12/2021,Scotland,CumFullyVaccByDate,3858442
06/12/2021,Scotland,CumFullyVaccByDate,3859863
06/12/2021,England,CumFullyVaccByDate,38260212
07/12/2021,England,CumFullyVaccByDate,38283610
07/12/2021,Scotland,CumFullyVaccByDate,3861802
08/12/2021,Scotland,CumFullyVaccByDate,3863624
08/12/2021,England,CumFullyVaccByDate,38309723
09/12/2021,England,CumFullyVaccByDate,38340243
09/12/2021,Scotland,CumFullyVaccByDate,3865474
10/12/2021,Scotland,CumFullyVaccByDate,3867354
10/12/2021,England,CumFullyVaccByDate,38369465
11/12/2021,England,CumFullyVaccByDate,38404988
11/12/2021,Scotland,CumFullyVaccByDate,3869558
12/12/2021,Scotland,CumFullyVaccByDate,3872461
12/12/2021,England,CumFullyVaccByDate,38430389
13/12/2021,England,CumFullyVaccByDate,38455465
13/12/2021,Scotland,CumFullyVaccByDate,3874523
14/12/2021,Scotland,CumFullyVaccByDate,3877211
14/12/2021,England,CumFullyVaccByDate,38486251
15/12/2021,England,CumFullyVaccByDate,38519803
15/12/2021,Scotland,CumFullyVaccByDate,3879916
16/12/2021,Scotland,CumFullyVaccByDate,3882086
16/12/2021,England,CumFullyVaccByDate,38556535
17/12/2021,England,CumFullyVaccByDate,38592684
17/12/2021,Scotland,CumFullyVaccByDate,3884527
18/12/2021,Scotland,CumFullyVaccByDate,3887480
18/12/2021,England,CumFullyVaccByDate,38633804
19/12/2021,England,CumFullyVaccByDate,38669676
19/12/2021,Scotland,CumFullyVaccByDate,3890365
20/12/2021,Scotland,CumFullyVaccByDate,3892733
20/12/2021,England,CumFullyVaccByDate,38711968
21/12/2021,England,CumFullyVaccByDate,38757820
21/12/2021,Scotland,CumFullyVaccByDate,3895548
22/12/2021,Scotland,CumFullyVaccByDate,3898603
22/12/2021,England,CumFullyVaccByDate,38802453
23/12/2021,England,CumFullyVaccByDate,38838754
23/12/2021,Scotland,CumFullyVaccByDate,3901256
24/12/2021,Scotland,CumFullyVaccByDate,3902076
24/12/2021,England,CumFullyVaccByDate,38850402
25/12/2021,England,CumFullyVaccByDate,38850875
25/12/2021,Scotland,CumFullyVaccByDate,3902076
26/12/2021,Scotland,CumFullyVaccByDate,3902076
26/12/2021,England,CumFullyVaccByDate,38852705
27/12/2021,England,CumFullyVaccByDate,38871089
27/12/2021,Scotland,CumFullyVaccByDate,3903266
28/12/2021,Scotland,CumFullyVaccByDate,3904940
28/12/2021,England,CumFullyVaccByDate,38897003
29/12/2021,England,CumFullyVaccByDate,38935784
29/12/2021,Scotland,CumFullyVaccByDate,3907457
30/12/2021,Scotland,CumFullyVaccByDate,3910319
30/12/2021,England,CumFullyVaccByDate,38974313
31/12/2021,England,CumFullyVaccByDate,38992146
31/12/2021,Scotland,CumFullyVaccByDate,3911946
01/01/2022,Scotland,CumFullyVaccByDate,3911946
01/01/2022,England,CumFullyVaccByDate,38994647
02/01/2022,England,CumFullyVaccByDate,39010193
02/01/2022,Scotland,CumFullyVaccByDate,3911949
03/01/2022,Scotland,CumFullyVaccByDate,3917678
03/01/2022,England,CumFullyVaccByDate,39032052
04/01/2022,England,CumFullyVaccByDate,39064800
04/01/2022,Scotland,CumFullyVaccByDate,3922859
05/01/2022,Scotland,CumFullyVaccByDate,3928380
05/01/2022,England,CumFullyVaccByDate,39094391
06/01/2022,England,CumFullyVaccByDate,39120401
06/01/2022,Scotland,CumFullyVaccByDate,3932112
07/01/2022,Scotland,CumFullyVaccByDate,3936149
07/01/2022,England,CumFullyVaccByDate,39147320
08/01/2022,England,CumFullyVaccByDate,39188919
08/01/2022,Scotland,CumFullyVaccByDate,3940253
09/01/2022,Scotland,CumFullyVaccByDate,3943261
09/01/2022,England,CumFullyVaccByDate,39214453
10/01/2022,England,CumFullyVaccByDate,39235262
10/01/2022,Scotland,CumFullyVaccByDate,3946183
11/01/2022,Scotland,CumFullyVaccByDate,3949198
11/01/2022,England,CumFullyVaccByDate,39257551
12/01/2022,England,CumFullyVaccByDate,39283049
12/01/2022,Scotland,CumFullyVaccByDate,3951942
13/01/2022,Scotland,CumFullyVaccByDate,3955139
13/01/2022,England,CumFullyVaccByDate,39309534
14/01/2022,England,CumFullyVaccByDate,39334005
14/01/2022,Scotland,CumFullyVaccByDate,3958738
15/01/2022,Scotland,CumFullyVaccByDate,3971321
15/01/2022,England,CumFullyVaccByDate,39372970
16/01/2022,England,CumFullyVaccByDate,39396509
16/01/2022,Scotland,CumFullyVaccByDate,3981700
17/01/2022,Scotland,CumFullyVaccByDate,3984342
17/01/2022,England,CumFullyVaccByDate,39418209
18/01/2022,England,CumFullyVaccByDate,39442585
18/01/2022,Scotland,CumFullyVaccByDate,3986571
19/01/2022,Scotland,CumFullyVaccByDate,3988590
19/01/2022,England,CumFullyVaccByDate,39467932
20/01/2022,England,CumFullyVaccByDate,39495067
20/01/2022,Scotland,CumFullyVaccByDate,3990725
21/01/2022,Scotland,CumFullyVaccByDate,3993441
21/01/2022,England,CumFullyVaccByDate,39523952
22/01/2022,England,CumFullyVaccByDate,39563054
22/01/2022,Scotland,CumFullyVaccByDate,3996588
23/01/2022,Scotland,CumFullyVaccByDate,3999574
23/01/2022,England,CumFullyVaccByDate,39587043
24/01/2022,England,CumFullyVaccByDate,39611573
24/01/2022,Scotland,CumFullyVaccByDate,4003520
25/01/2022,Scotland,CumFullyVaccByDate,4006497
25/01/2022,England,CumFullyVaccByDate,39635528
26/01/2022,England,CumFullyVaccByDate,39662483
26/01/2022,Scotland,CumFullyVaccByDate,4008645
27/01/2022,Scotland,CumFullyVaccByDate,4010572
27/01/2022,England,CumFullyVaccByDate,39688997
28/01/2022,England,CumFullyVaccByDate,39719231
28/01/2022,Scotland,CumFullyVaccByDate,4012762
29/01/2022,Scotland,CumFullyVaccByDate,4015123
29/01/2022,England,CumFullyVaccByDate,39754023
30/01/2022,England,CumFullyVaccByDate,39776554
30/01/2022,Scotland,CumFullyVaccByDate,4017571
31/01/2022,Scotland,CumFullyVaccByDate,4018693
31/01/2022,England,CumFullyVaccByDate,39797339
01/02/2022,England,CumFullyVaccByDate,39821210
01/02/2022,Scotland,CumFullyVaccByDate,4019693
02/02/2022,Scotland,CumFullyVaccByDate,4020836
02/02/2022,England,CumFullyVaccByDate,39844901
03/02/2022,England,CumFullyVaccByDate,39869410
03/02/2022,Scotland,CumFullyVaccByDate,4021743
04/02/2022,Scotland,CumFullyVaccByDate,4023217
04/02/2022,England,CumFullyVaccByDate,39892598
05/02/2022,England,CumFullyVaccByDate,39918116
05/02/2022,Scotland,CumFullyVaccByDate,4024321
06/02/2022,Scotland,CumFullyVaccByDate,4025274
06/02/2022,England,CumFullyVaccByDate,39931231
07/02/2022,England,CumFullyVaccByDate,39952171
07/02/2022,Scotland,CumFullyVaccByDate,4026210
08/02/2022,Scotland,CumFullyVaccByDate,4027011
08/02/2022,England,CumFullyVaccByDate,39974362
09/02/2022,England,CumFullyVaccByDate,39996949
09/02/2022,Scotland,CumFullyVaccByDate,4027905
10/02/2022,Scotland,CumFullyVaccByDate,4028676
10/02/2022,England,CumFullyVaccByDate,40020418
11/02/2022,England,CumFullyVaccByDate,40044560
11/02/2022,Scotland,CumFullyVaccByDate,4029879
12/02/2022,Scotland,CumFullyVaccByDate,4030817
12/02/2022,England,CumFullyVaccByDate,40068110
13/02/2022,England,CumFullyVaccByDate,40078747
13/02/2022,Scotland,CumFullyVaccByDate,4031602
14/02/2022,Scotland,CumFullyVaccByDate,4032555
14/02/2022,England,CumFullyVaccByDate,40093929
15/02/2022,England,CumFullyVaccByDate,40111609
15/02/2022,Scotland,CumFullyVaccByDate,4033704
16/02/2022,Scotland,CumFullyVaccByDate,4034727
16/02/2022,England,CumFullyVaccByDate,40130483
17/02/2022,England,CumFullyVaccByDate,40149609
17/02/2022,Scotland,CumFullyVaccByDate,4035976
18/02/2022,Scotland,CumFullyVaccByDate,4037207
18/02/2022,England,CumFullyVaccByDate,40161059
19/02/2022,England,CumFullyVaccByDate,40178895
19/02/2022,Scotland,CumFullyVaccByDate,4038102
20/02/2022,Scotland,CumFullyVaccByDate,4038729
20/02/2022,England,CumFullyVaccByDate,40187220
21/02/2022,England,CumFullyVaccByDate,40199986
21/02/2022,Scotland,CumFullyVaccByDate,4039456
22/02/2022,Scotland,CumFullyVaccByDate,4040303
22/02/2022,England,CumFullyVaccByDate,40215070
23/02/2022,England,CumFullyVaccByDate,40230255
23/02/2022,Scotland,CumFullyVaccByDate,4040988
24/02/2022,Scotland,CumFullyVaccByDate,4041664
24/02/2022,England,CumFullyVaccByDate,40243643
25/02/2022,England,CumFullyVaccByDate,40257701
25/02/2022,Scotland,CumFullyVaccByDate,4042558
26/02/2022,Scotland,CumFullyVaccByDate,4043201
26/02/2022,England,CumFullyVaccByDate,40275515
27/02/2022,England,CumFullyVaccByDate,40284347
27/02/2022,Scotland,CumFullyVaccByDate,4043701
28/02/2022,Scotland,CumFullyVaccByDate,4044289
28/02/2022,England,CumFullyVaccByDate,40297239
01/03/2022,England,CumFullyVaccByDate,40310386
01/03/2022,Scotland,CumFullyVaccByDate,4045068
02/03/2022,Scotland,CumFullyVaccByDate,4045697
02/03/2022,England,CumFullyVaccByDate,40322994
03/03/2022,England,CumFullyVaccByDate,40337107
03/03/2022,Scotland,CumFullyVaccByDate,4046368
04/03/2022,Scotland,CumFullyVaccByDate,4046929
04/03/2022,England,CumFullyVaccByDate,40351448
05/03/2022,England,CumFullyVaccByDate,40368506
05/03/2022,Scotland,CumFullyVaccByDate,4047533
06/03/2022,Scotland,CumFullyVaccByDate,4048219
06/03/2022,England,CumFullyVaccByDate,40376682
07/03/2022,England,CumFullyVaccByDate,40387750
07/03/2022,Scotland,CumFullyVaccByDate,4049191
08/03/2022,Scotland,CumFullyVaccByDate,4050180
08/03/2022,England,CumFullyVaccByDate,40399788
09/03/2022,England,CumFullyVaccByDate,40412508
09/03/2022,Scotland,CumFullyVaccByDate,4051076
10/03/2022,Scotland,CumFullyVaccByDate,4051887
10/03/2022,England,CumFullyVaccByDate,40426070
11/03/2022,England,CumFullyVaccByDate,40439202
11/03/2022,Scotland,CumFullyVaccByDate,4052616
12/03/2022,Scotland,CumFullyVaccByDate,4053820
12/03/2022,England,CumFullyVaccByDate,40457918
13/03/2022,England,CumFullyVaccByDate,40467567
13/03/2022,Scotland,CumFullyVaccByDate,4055407
14/03/2022,Scotland,CumFullyVaccByDate,4056085
14/03/2022,England,CumFullyVaccByDate,40479082
15/03/2022,England,CumFullyVaccByDate,40491696
15/03/2022,Scotland,CumFullyVaccByDate,4056784
16/03/2022,Scotland,CumFullyVaccByDate,4057580
16/03/2022,England,CumFullyVaccByDate,40504370
17/03/2022,England,CumFullyVaccByDate,40516965
17/03/2022,Scotland,CumFullyVaccByDate,4058245
18/03/2022,Scotland,CumFullyVaccByDate,4059040
18/03/2022,England,CumFullyVaccByDate,40530601
19/03/2022,England,CumFullyVaccByDate,40548727
19/03/2022,Scotland,CumFullyVaccByDate,4059342
20/03/2022,Scotland,CumFullyVaccByDate,4059694
20/03/2022,England,CumFullyVaccByDate,40557381
21/03/2022,England,CumFullyVaccByDate,40568174
21/03/2022,Scotland,CumFullyVaccByDate,4060343
22/03/2022,Scotland,CumFullyVaccByDate,4060932
22/03/2022,England,CumFullyVaccByDate,40578525
23/03/2022,England,CumFullyVaccByDate,40590084
23/03/2022,Scotland,CumFullyVaccByDate,4061501
24/03/2022,Scotland,CumFullyVaccByDate,4062145
24/03/2022,England,CumFullyVaccByDate,40600614
25/03/2022,England,CumFullyVaccByDate,40612947
25/03/2022,Scotland,CumFullyVaccByDate,4062823
26/03/2022,Scotland,CumFullyVaccByDate,4063334
26/03/2022,England,CumFullyVaccByDate,40630715
27/03/2022,England,CumFullyVaccByDate,40637627
27/03/2022,Scotland,CumFullyVaccByDate,4063729
28/03/2022,Scotland,CumFullyVaccByDate,4064339
28/03/2022,England,CumFullyVaccByDate,40646944
29/03/2022,England,CumFullyVaccByDate,40657086
29/03/2022,Scotland,CumFullyVaccByDate,4064936
30/03/2022,Scotland,CumFullyVaccByDate,4065487
30/03/2022,England,CumFullyVaccByDate,40668212
31/03/2022,England,CumFullyVaccByDate,40679337
31/03/2022,Scotland,CumFullyVaccByDate,4065957
01/04/2022,Scotland,CumFullyVaccByDate,4066649
01/04/2022,England,CumFullyVaccByDate,40689023
02/04/2022,England,CumFullyVaccByDate,40704058
02/04/2022,Scotland,CumFullyVaccByDate,4067217
03/04/2022,Scotland,CumFullyVaccByDate,4067778
03/04/2022,England,CumFullyVaccByDate,40711641
04/04/2022,England,CumFullyVaccByDate,40720311
04/04/2022,Scotland,CumFullyVaccByDate,4068324
05/04/2022,Scotland,CumFullyVaccByDate,4068918
05/04/2022,England,CumFullyVaccByDate,40728703
06/04/2022,England,CumFullyVaccByDate,40737366
06/04/2022,Scotland,CumFullyVaccByDate,4069582
07/04/2022,Scotland,CumFullyVaccByDate,4070292
07/04/2022,England,CumFullyVaccByDate,40745968
08/04/2022,England,CumFullyVaccByDate,40755822
08/04/2022,Scotland,CumFullyVaccByDate,4070945
09/04/2022,Scotland,CumFullyVaccByDate,4071427
09/04/2022,England,CumFullyVaccByDate,40770982
10/04/2022,England,CumFullyVaccByDate,40778583
10/04/2022,Scotland,CumFullyVaccByDate,4071836
11/04/2022,Scotland,CumFullyVaccByDate,4072676
11/04/2022,England,CumFullyVaccByDate,40788782
12/04/2022,England,CumFullyVaccByDate,40798623
12/04/2022,Scotland,CumFullyVaccByDate,4073422
13/04/2022,Scotland,CumFullyVaccByDate,4074147
13/04/2022,England,CumFullyVaccByDate,40809794
14/04/2022,England,CumFullyVaccByDate,40820465
14/04/2022,Scotland,CumFullyVaccByDate,4074918
15/04/2022,Scotland,CumFullyVaccByDate,4075367
15/04/2022,England,CumFullyVaccByDate,40824983
16/04/2022,England,CumFullyVaccByDate,40835421
16/04/2022,Scotland,CumFullyVaccByDate,4075920
17/04/2022,Scotland,CumFullyVaccByDate,4076254
17/04/2022,England,CumFullyVaccByDate,40837434
18/04/2022,England,CumFullyVaccByDate,40840576
18/04/2022,Scotland,CumFullyVaccByDate,4076447
19/04/2022,Scotland,CumFullyVaccByDate,4076987
19/04/2022,England,CumFullyVaccByDate,40850260
20/04/2022,England,CumFullyVaccByDate,40859868
20/04/2022,Scotland,CumFullyVaccByDate,4077436
21/04/2022,Scotland,CumFullyVaccByDate,4077956
21/04/2022,England,CumFullyVaccByDate,40868921
22/04/2022,England,CumFullyVaccByDate,40878891
22/04/2022,Scotland,CumFullyVaccByDate,4078463
23/04/2022,Scotland,CumFullyVaccByDate,4078992
23/04/2022,England,CumFullyVaccByDate,40894468
24/04/2022,England,CumFullyVaccByDate,40901996
24/04/2022,Scotland,CumFullyVaccByDate,4079436
25/04/2022,Scotland,CumFullyVaccByDate,4080003
25/04/2022,England,CumFullyVaccByDate,40908649
26/04/2022,England,CumFullyVaccByDate,40914888
26/04/2022,Scotland,CumFullyVaccByDate,4080481
27/04/2022,Scotland,CumFullyVaccByDate,4080968
27/04/2022,England,CumFullyVaccByDate,40922142
28/04/2022,England,CumFullyVaccByDate,40929146
28/04/2022,Scotland,CumFullyVaccByDate,4081437
29/04/2022,Scotland,CumFullyVaccByDate,4082079
29/04/2022,England,CumFullyVaccByDate,40937271
30/04/2022,England,CumFullyVaccByDate,40951046
30/04/2022,Scotland,CumFullyVaccByDate,4082613
01/05/2022,Scotland,CumFullyVaccByDate,4082993
01/05/2022,England,CumFullyVaccByDate,40956138
02/05/2022,England,CumFullyVaccByDate,40958147
02/05/2022,Scotland,CumFullyVaccByDate,4083231
03/05/2022,Scotland,CumFullyVaccByDate,4083668
03/05/2022,England,CumFullyVaccByDate,40964547
04/05/2022,England,CumFullyVaccByDate,40971806
04/05/2022,Scotland,CumFullyVaccByDate,4084091
05/05/2022,Scotland,CumFullyVaccByDate,4084525
05/05/2022,England,CumFullyVaccByDate,40978602
06/05/2022,England,CumFullyVaccByDate,40986565
06/05/2022,Scotland,CumFullyVaccByDate,4085062
07/05/2022,Scotland,CumFullyVaccByDate,4086082
07/05/2022,England,CumFullyVaccByDate,41000525
08/05/2022,England,CumFullyVaccByDate,41006525
08/05/2022,Scotland,CumFullyVaccByDate,4087050
09/05/2022,Scotland,CumFullyVaccByDate,4087573
09/05/2022,England,CumFullyVaccByDate,41012783
10/05/2022,England,CumFullyVaccByDate,41019413
10/05/2022,Scotland,CumFullyVaccByDate,4087945
11/05/2022,Scotland,CumFullyVaccByDate,4088391
11/05/2022,England,CumFullyVaccByDate,41026131
12/05/2022,England,CumFullyVaccByDate,41032436
12/05/2022,Scotland,CumFullyVaccByDate,4088739
13/05/2022,Scotland,CumFullyVaccByDate,4089199
13/05/2022,England,CumFullyVaccByDate,41038618
14/05/2022,England,CumFullyVaccByDate,41050148
14/05/2022,Scotland,CumFullyVaccByDate,4089769
15/05/2022,Scotland,CumFullyVaccByDate,4090253
15/05/2022,England,CumFullyVaccByDate,41054727
16/05/2022,England,CumFullyVaccByDate,41059253
16/05/2022,Scotland,CumFullyVaccByDate,4090630
17/05/2022,Scotland,CumFullyVaccByDate,4090948
17/05/2022,England,CumFullyVaccByDate,41064177
18/05/2022,England,CumFullyVaccByDate,41069353
18/05/2022,Scotland,CumFullyVaccByDate,4091350
19/05/2022,Scotland,CumFullyVaccByDate,4091702
19/05/2022,England,CumFullyVaccByDate,41074238
20/05/2022,England,CumFullyVaccByDate,41079771
20/05/2022,Scotland,CumFullyVaccByDate,4092147
21/05/2022,Scotland,CumFullyVaccByDate,4092688
21/05/2022,England,CumFullyVaccByDate,41089610
22/05/2022,England,CumFullyVaccByDate,41093035
22/05/2022,Scotland,CumFullyVaccByDate,4093306
23/05/2022,Scotland,CumFullyVaccByDate,4093776
23/05/2022,England,CumFullyVaccByDate,41096738
24/05/2022,England,CumFullyVaccByDate,41100855
24/05/2022,Scotland,CumFullyVaccByDate,4094098
25/05/2022,Scotland,CumFullyVaccByDate,4094522
25/05/2022,England,CumFullyVaccByDate,41105042
26/05/2022,England,CumFullyVaccByDate,41109511
26/05/2022,Scotland,CumFullyVaccByDate,4094966
27/05/2022,Scotland,CumFullyVaccByDate,4095463
27/05/2022,England,CumFullyVaccByDate,41114553
28/05/2022,England,CumFullyVaccByDate,41124408
28/05/2022,Scotland,CumFullyVaccByDate,4095879
29/05/2022,Scotland,CumFullyVaccByDate,4096402
29/05/2022,England,CumFullyVaccByDate,41128240
30/05/2022,England,CumFullyVaccByDate,41135031
30/05/2022,Scotland,CumFullyVaccByDate,4096767
31/05/2022,Scotland,CumFullyVaccByDate,4097145
31/05/2022,England,CumFullyVaccByDate,41142785
01/06/2022,England,CumFullyVaccByDate,41150151
01/06/2022,Scotland,CumFullyVaccByDate,4097561
02/06/2022,Scotland,CumFullyVaccByDate,4097950
02/06/2022,England,CumFullyVaccByDate,41151559
03/06/2022,England,CumFullyVaccByDate,41152422
03/06/2022,Scotland,CumFullyVaccByDate,4098056
04/06/2022,Scotland,CumFullyVaccByDate,4098485
04/06/2022,England,CumFullyVaccByDate,41157996
05/06/2022,England,CumFullyVaccByDate,41160129
05/06/2022,Scotland,CumFullyVaccByDate,4099047
06/06/2022,Scotland,CumFullyVaccByDate,4099504
06/06/2022,England,CumFullyVaccByDate,41163853
07/06/2022,England,CumFullyVaccByDate,41167756
07/06/2022,Scotland,CumFullyVaccByDate,4100017
08/06/2022,Scotland,CumFullyVaccByDate,4100474
08/06/2022,England,CumFullyVaccByDate,41171848
09/06/2022,England,CumFullyVaccByDate,41175608
09/06/2022,Scotland,CumFullyVaccByDate,4100871
10/06/2022,Scotland,CumFullyVaccByDate,4101342
10/06/2022,England,CumFullyVaccByDate,41180015
11/06/2022,England,CumFullyVaccByDate,41189633
11/06/2022,Scotland,CumFullyVaccByDate,4101990
12/06/2022,Scotland,CumFullyVaccByDate,4102524
12/06/2022,England,CumFullyVaccByDate,41193037
13/06/2022,England,CumFullyVaccByDate,41196158
13/06/2022,Scotland,CumFullyVaccByDate,4102895
14/06/2022,Scotland,CumFullyVaccByDate,4103265
14/06/2022,England,CumFullyVaccByDate,41199851
15/06/2022,England,CumFullyVaccByDate,41203819
15/06/2022,Scotland,CumFullyVaccByDate,4103557
16/06/2022,Scotland,CumFullyVaccByDate,4103988
16/06/2022,England,CumFullyVaccByDate,41207481
17/06/2022,England,CumFullyVaccByDate,41211255
17/06/2022,Scotland,CumFullyVaccByDate,4104339
18/06/2022,Scotland,CumFullyVaccByDate,4105095
18/06/2022,England,CumFullyVaccByDate,41219720
19/06/2022,England,CumFullyVaccByDate,41222614
19/06/2022,Scotland,CumFullyVaccByDate,4105683
20/06/2022,Scotland,CumFullyVaccByDate,4106033
20/06/2022,England,CumFullyVaccByDate,41226437
21/06/2022,England,CumFullyVaccByDate,41230151
21/06/2022,Scotland,CumFullyVaccByDate,4106311
22/06/2022,Scotland,CumFullyVaccByDate,4106638
22/06/2022,England,CumFullyVaccByDate,41234015
23/06/2022,England,CumFullyVaccByDate,41237536
23/06/2022,Scotland,CumFullyVaccByDate,4106984
24/06/2022,Scotland,CumFullyVaccByDate,4107358
24/06/2022,England,CumFullyVaccByDate,41242045
25/06/2022,England,CumFullyVaccByDate,41251803
25/06/2022,Scotland,CumFullyVaccByDate,4107976
26/06/2022,Scotland,CumFullyVaccByDate,4108613
26/06/2022,England,CumFullyVaccByDate,41255571
27/06/2022,England,CumFullyVaccByDate,41260124
27/06/2022,Scotland,CumFullyVaccByDate,4109059
28/06/2022,Scotland,CumFullyVaccByDate,4109400
28/06/2022,England,CumFullyVaccByDate,41264765
29/06/2022,England,CumFullyVaccByDate,41269627
29/06/2022,Scotland,CumFullyVaccByDate,4109724
30/06/2022,Scotland,CumFullyVaccByDate,4110131
30/06/2022,England,CumFullyVaccByDate,41274440
01/07/2022,England,CumFullyVaccByDate,41280147
01/07/2022,Scotland,CumFullyVaccByDate,4110500
02/07/2022,Scotland,CumFullyVaccByDate,4110863
02/07/2022,England,CumFullyVaccByDate,41292625
03/07/2022,England,CumFullyVaccByDate,41297832
03/07/2022,Scotland,CumFullyVaccByDate,4111210
04/07/2022,Scotland,CumFullyVaccByDate,4111549
04/07/2022,England,CumFullyVaccByDate,41303557
05/07/2022,England,CumFullyVaccByDate,41309154
05/07/2022,Scotland,CumFullyVaccByDate,4111757
06/07/2022,Scotland,CumFullyVaccByDate,4112071
06/07/2022,England,CumFullyVaccByDate,41315013
07/07/2022,England,CumFullyVaccByDate,41321035
07/07/2022,Scotland,CumFullyVaccByDate,4112406
08/07/2022,Scotland,CumFullyVaccByDate,4112682
08/07/2022,England,CumFullyVaccByDate,41327263
09/07/2022,England,CumFullyVaccByDate,41340867
09/07/2022,Scotland,CumFullyVaccByDate,4113032
10/07/2022,Scotland,CumFullyVaccByDate,4113279
10/07/2022,England,CumFullyVaccByDate,41346147
11/07/2022,England,CumFullyVaccByDate,41350964
11/07/2022,Scotland,CumFullyVaccByDate,4113477
12/07/2022,Scotland,CumFullyVaccByDate,4113705
12/07/2022,England,CumFullyVaccByDate,41356012
13/07/2022,England,CumFullyVaccByDate,41361688
13/07/2022,Scotland,CumFullyVaccByDate,4113911
14/07/2022,Scotland,CumFullyVaccByDate,4114185
14/07/2022,England,CumFullyVaccByDate,41367237
15/07/2022,England,CumFullyVaccByDate,41372997
15/07/2022,Scotland,CumFullyVaccByDate,4114427
16/07/2022,Scotland,CumFullyVaccByDate,4114748
16/07/2022,England,CumFullyVaccByDate,41386364
17/07/2022,England,CumFullyVaccByDate,41391097
17/07/2022,Scotland,CumFullyVaccByDate,4114887
18/07/2022,Scotland,CumFullyVaccByDate,4115034
18/07/2022,England,CumFullyVaccByDate,41394734
19/07/2022,England,CumFullyVaccByDate,41398096
19/07/2022,Scotland,CumFullyVaccByDate,4115174
20/07/2022,Scotland,CumFullyVaccByDate,4115362
20/07/2022,England,CumFullyVaccByDate,41402838
21/07/2022,England,CumFullyVaccByDate,41408299
21/07/2022,Scotland,CumFullyVaccByDate,4115550
22/07/2022,Scotland,CumFullyVaccByDate,4115810
22/07/2022,England,CumFullyVaccByDate,41414378
23/07/2022,England,CumFullyVaccByDate,41425094
23/07/2022,Scotland,CumFullyVaccByDate,4116085
24/07/2022,Scotland,CumFullyVaccByDate,4116228
24/07/2022,England,CumFullyVaccByDate,41429140
25/07/2022,England,CumFullyVaccByDate,41434746
25/07/2022,Scotland,CumFullyVaccByDate,4116447
26/07/2022,Scotland,CumFullyVaccByDate,4116601
26/07/2022,England,CumFullyVaccByDate,41439857
27/07/2022,England,CumFullyVaccByDate,41444969
27/07/2022,Scotland,CumFullyVaccByDate,4116787
28/07/2022,Scotland,CumFullyVaccByDate,4116979
28/07/2022,England,CumFullyVaccByDate,41450457
29/07/2022,England,CumFullyVaccByDate,41455243
29/07/2022,Scotland,CumFullyVaccByDate,4117192
30/07/2022,Scotland,CumFullyVaccByDate,4117406
30/07/2022,England,CumFullyVaccByDate,41462696
31/07/2022,England,CumFullyVaccByDate,41465889
31/07/2022,Scotland,CumFullyVaccByDate,4117545
01/08/2022,Scotland,CumFullyVaccByDate,4117735
01/08/2022,England,CumFullyVaccByDate,41469849
02/08/2022,England,CumFullyVaccByDate,41473354
02/08/2022,Scotland,CumFullyVaccByDate,4117865
03/08/2022,Scotland,CumFullyVaccByDate,4118014
03/08/2022,England,CumFullyVaccByDate,41477238
04/08/2022,England,CumFullyVaccByDate,41480901
04/08/2022,Scotland,CumFullyVaccByDate,4118208
05/08/2022,Scotland,CumFullyVaccByDate,4118367
05/08/2022,England,CumFullyVaccByDate,41484594
06/08/2022,England,CumFullyVaccByDate,41490068
06/08/2022,Scotland,CumFullyVaccByDate,4118546
07/08/2022,Scotland,CumFullyVaccByDate,4118648
07/08/2022,England,CumFullyVaccByDate,41492455
08/08/2022,England,CumFullyVaccByDate,41495730
08/08/2022,Scotland,CumFullyVaccByDate,4118818
09/08/2022,Scotland,CumFullyVaccByDate,4118938
09/08/2022,England,CumFullyVaccByDate,41498513
10/08/2022,England,CumFullyVaccByDate,41501437
10/08/2022,Scotland,CumFullyVaccByDate,4119102
11/08/2022,Scotland,CumFullyVaccByDate,4119263
11/08/2022,England,CumFullyVaccByDate,41504274
12/08/2022,England,CumFullyVaccByDate,41506933
12/08/2022,Scotland,CumFullyVaccByDate,4119407
13/08/2022,Scotland,CumFullyVaccByDate,4119591
13/08/2022,England,CumFullyVaccByDate,41511083
14/08/2022,England,CumFullyVaccByDate,41512890
14/08/2022,Scotland,CumFullyVaccByDate,4119713
15/08/2022,England,CumFullyVaccByDate,41515495
15/08/2022,Scotland,CumFullyVaccByDate,4119869
16/08/2022,Scotland,CumFullyVaccByDate,4120004
16/08/2022,England,CumFullyVaccByDate,41518144
17/08/2022,Scotland,CumFullyVaccByDate,4120080
17/08/2022,England,CumFullyVaccByDate,41520959
18/08/2022,Scotland,CumFullyVaccByDate,4120207
18/08/2022,England,CumFullyVaccByDate,41523695
19/08/2022,Scotland,CumFullyVaccByDate,4120336
19/08/2022,England,CumFullyVaccByDate,41526450
20/08/2022,England,CumFullyVaccByDate,41530837
20/08/2022,Scotland,CumFullyVaccByDate,4120555
21/08/2022,Scotland,CumFullyVaccByDate,4120672
21/08/2022,England,CumFullyVaccByDate,41532368
22/08/2022,England,CumFullyVaccByDate,41535437
22/08/2022,Scotland,CumFullyVaccByDate,4120822
23/08/2022,Scotland,CumFullyVaccByDate,4120907
23/08/2022,England,CumFullyVaccByDate,41538206
24/08/2022,Scotland,CumFullyVaccByDate,4120962
24/08/2022,England,CumFullyVaccByDate,41540935
25/08/2022,England,CumFullyVaccByDate,41543659
25/08/2022,Scotland,CumFullyVaccByDate,4121053
26/08/2022,Scotland,CumFullyVaccByDate,4121168
26/08/2022,England,CumFullyVaccByDate,41546356
27/08/2022,England,CumFullyVaccByDate,41549713
27/08/2022,Scotland,CumFullyVaccByDate,4121372
28/08/2022,Scotland,CumFullyVaccByDate,4121495
28/08/2022,England,CumFullyVaccByDate,41550950
29/08/2022,Scotland,CumFullyVaccByDate,4121585
29/08/2022,England,CumFullyVaccByDate,41551513
30/08/2022,England,CumFullyVaccByDate,41554422
30/08/2022,Scotland,CumFullyVaccByDate,4121672
31/08/2022,England,CumFullyVaccByDate,41557393
31/08/2022,Scotland,CumFullyVaccByDate,4121776
01/09/2022,Scotland,CumFullyVaccByDate,4121897
01/09/2022,England,CumFullyVaccByDate,41559321
02/09/2022,England,CumFullyVaccByDate,41561313
02/09/2022,Scotland,CumFullyVaccByDate,4121989
03/09/2022,Scotland,CumFullyVaccByDate,4122139
03/09/2022,England,CumFullyVaccByDate,41564094
04/09/2022,England,CumFullyVaccByDate,41565181
04/09/2022,Scotland,CumFullyVaccByDate,4122220
05/09/2022,Scotland,CumFullyVaccByDate,4122281
05/09/2022,England,CumFullyVaccByDate,41566263
06/09/2022,England,CumFullyVaccByDate,41567323
06/09/2022,Scotland,CumFullyVaccByDate,4122345
07/09/2022,Scotland,CumFullyVaccByDate,4122399
07/09/2022,England,CumFullyVaccByDate,41568336
08/09/2022,England,CumFullyVaccByDate,41569184
08/09/2022,Scotland,CumFullyVaccByDate,4122468
09/09/2022,Scotland,CumFullyVaccByDate,4122541
09/09/2022,England,CumFullyVaccByDate,41570149
10/09/2022,England,CumFullyVaccByDate,41572461
10/09/2022,Scotland,CumFullyVaccByDate,4122626
11/09/2022,Scotland,CumFullyVaccByDate,4122688
11/09/2022,England,CumFullyVaccByDate,41573263
12/09/2022,England,CumFullyVaccByDate,41574842
13/09/2022,England,CumFullyVaccByDate,41576264
14/09/2022,England,CumFullyVaccByDate,41577701
15/09/2022,England,CumFullyVaccByDate,41579170
16/09/2022,England,CumFullyVaccByDate,41580825
17/09/2022,England,CumFullyVaccByDate,41584265
18/09/2022,England,CumFullyVaccByDate,41585762
19/09/2022,England,CumFullyVaccByDate,41586055
20/09/2022,England,CumFullyVaccByDate,41587375
21/09/2022,England,CumFullyVaccByDate,41588752
22/09/2022,England,CumFullyVaccByDate,41590087
23/09/2022,England,CumFullyVaccByDate,41592406
24/09/2022,England,CumFullyVaccByDate,41595953
25/09/2022,England,CumFullyVaccByDate,41597442
26/09/2022,England,CumFullyVaccByDate,41598798
27/09/2022,England,CumFullyVaccByDate,41600089
28/09/2022,England,CumFullyVaccByDate,41601534
29/09/2022,England,CumFullyVaccByDate,41603037
30/09/2022,England,CumFullyVaccByDate,41604635
01/10/2022,England,CumFullyVaccByDate,41608178
02/10/2022,England,CumFullyVaccByDate,41609621
03/10/2022,England,CumFullyVaccByDate,41610776
04/10/2022,England,CumFullyVaccByDate,41612037
05/10/2022,England,CumFullyVaccByDate,41613463
06/10/2022,England,CumFullyVaccByDate,41614916
07/10/2022,England,CumFullyVaccByDate,41616450
08/10/2022,England,CumFullyVaccByDate,41620380
09/10/2022,England,CumFullyVaccByDate,41621853
10/10/2022,England,CumFullyVaccByDate,41623043
11/10/2022,England,CumFullyVaccByDate,41624324
12/10/2022,England,CumFullyVaccByDate,41625699
13/10/2022,England,CumFullyVaccByDate,41627122
14/10/2022,England,CumFullyVaccByDate,41628665
15/10/2022,England,CumFullyVaccByDate,41632251
16/10/2022,England,CumFullyVaccByDate,41633768
17/10/2022,England,CumFullyVaccByDate,41634826
18/10/2022,England,CumFullyVaccByDate,41636043
19/10/2022,England,CumFullyVaccByDate,41637471
20/10/2022,England,CumFullyVaccByDate,41638944
21/10/2022,England,CumFullyVaccByDate,41640331
22/10/2022,England,CumFullyVaccByDate,41643515
23/10/2022,England,CumFullyVaccByDate,41644629
24/10/2022,England,CumFullyVaccByDate,41646335
25/10/2022,England,CumFullyVaccByDate,41648192
26/10/2022,England,CumFullyVaccByDate,41650225
27/10/2022,England,CumFullyVaccByDate,41652425
28/10/2022,England,CumFullyVaccByDate,41654602
29/10/2022,England,CumFullyVaccByDate,41657735
30/10/2022,England,CumFullyVaccByDate,41659011
31/10/2022,England,CumFullyVaccByDate,41659805
01/11/2022,England,CumFullyVaccByDate,41660818
02/11/2022,England,CumFullyVaccByDate,41661885
03/11/2022,England,CumFullyVaccByDate,41663024
04/11/2022,England,CumFullyVaccByDate,41664209
05/11/2022,England,CumFullyVaccByDate,41667321
06/11/2022,England,CumFullyVaccByDate,41668253
07/11/2022,England,CumFullyVaccByDate,41669018
08/11/2022,England,CumFullyVaccByDate,41669866
09/11/2022,England,CumFullyVaccByDate,41670806
10/11/2022,England,CumFullyVaccByDate,41671777
11/11/2022,England,CumFullyVaccByDate,41672893
12/11/2022,England,CumFullyVaccByDate,41675666
13/11/2022,England,CumFullyVaccByDate,41676498
14/11/2022,England,CumFullyVaccByDate,41677229
15/11/2022,England,CumFullyVaccByDate,41678121
16/11/2022,England,CumFullyVaccByDate,41678979
17/11/2022,England,CumFullyVaccByDate,41679934
18/11/2022,England,CumFullyVaccByDate,41680965
19/11/2022,England,CumFullyVaccByDate,41683618
20/11/2022,England,CumFullyVaccByDate,41684373
21/11/2022,England,CumFullyVaccByDate,41685016
22/11/2022,England,CumFullyVaccByDate,41685747
23/11/2022,England,CumFullyVaccByDate,41686534
24/11/2022,England,CumFullyVaccByDate,41687388
25/11/2022,England,CumFullyVaccByDate,41688376
26/11/2022,England,CumFullyVaccByDate,41690582
27/11/2022,England,CumFullyVaccByDate,41691319
28/11/2022,England,CumFullyVaccByDate,41692051
29/11/2022,England,CumFullyVaccByDate,41692782
30/11/2022,England,CumFullyVaccByDate,41693505
01/12/2022,England,CumFullyVaccByDate,41694059
02/12/2022,England,CumFullyVaccByDate,41694782
03/12/2022,England,CumFullyVaccByDate,41696602
04/12/2022,England,CumFullyVaccByDate,41697065
05/12/2022,England,CumFullyVaccByDate,41697627
06/12/2022,England,CumFullyVaccByDate,41698266
07/12/2022,England,CumFullyVaccByDate,41698891
08/12/2022,England,CumFullyVaccByDate,41699445
09/12/2022,England,CumFullyVaccByDate,41700073
10/12/2022,England,CumFullyVaccByDate,41701465
11/12/2022,England,CumFullyVaccByDate,41701957
12/12/2022,England,CumFullyVaccByDate,41702373
13/12/2022,England,CumFullyVaccByDate,41702911
14/12/2022,England,CumFullyVaccByDate,41703626
15/12/2022,England,CumFullyVaccByDate,41704201
16/12/2022,England,CumFullyVaccByDate,41704739
17/12/2022,England,CumFullyVaccByDate,41705781
18/12/2022,England,CumFullyVaccByDate,41706206
19/12/2022,England,CumFullyVaccByDate,41706806
20/12/2022,England,CumFullyVaccByDate,41707471
21/12/2022,England,CumFullyVaccByDate,41708068
22/12/2022,England,CumFullyVaccByDate,41708647
23/12/2022,England,CumFullyVaccByDate,41709277
24/12/2022,England,CumFullyVaccByDate,41709468
25/12/2022,England,CumFullyVaccByDate,41709489
26/12/2022,England,CumFullyVaccByDate,41709520
27/12/2022,England,CumFullyVaccByDate,41709557
28/12/2022,England,CumFullyVaccByDate,41710280
29/12/2022,England,CumFullyVaccByDate,41710944
30/12/2022,England,CumFullyVaccByDate,41711544
31/12/2022,England,CumFullyVaccByDate,41711945
01/01/2023,England,CumFullyVaccByDate,41711955
02/01/2023,England,CumFullyVaccByDate,41711979
03/01/2023,England,CumFullyVaccByDate,41712591
04/01/2023,England,CumFullyVaccByDate,41713220
05/01/2023,England,CumFullyVaccByDate,41713756
06/01/2023,England,CumFullyVaccByDate,41714406
07/01/2023,England,CumFullyVaccByDate,41715787
08/01/2023,England,CumFullyVaccByDate,41716140
09/01/2023,England,CumFullyVaccByDate,41716622
10/01/2023,England,CumFullyVaccByDate,41717220
11/01/2023,England,CumFullyVaccByDate,41717876
12/01/2023,England,CumFullyVaccByDate,41718567
13/01/2023,England,CumFullyVaccByDate,41719403
14/01/2023,England,CumFullyVaccByDate,41721071
15/01/2023,England,CumFullyVaccByDate,41721447
16/01/2023,England,CumFullyVaccByDate,41722077
17/01/2023,England,CumFullyVaccByDate,41722646
18/01/2023,England,CumFullyVaccByDate,41723115
19/01/2023,England,CumFullyVaccByDate,41723713
20/01/2023,England,CumFullyVaccByDate,41724462
21/01/2023,England,CumFullyVaccByDate,41726143
22/01/2023,England,CumFullyVaccByDate,41726509
23/01/2023,England,CumFullyVaccByDate,41726943
24/01/2023,England,CumFullyVaccByDate,41727426
25/01/2023,England,CumFullyVaccByDate,41727963
26/01/2023,England,CumFullyVaccByDate,41728525
27/01/2023,England,CumFullyVaccByDate,41729231
28/01/2023,England,CumFullyVaccByDate,41730657
29/01/2023,England,CumFullyVaccByDate,41730911
30/01/2023,England,CumFullyVaccByDate,41731494
31/01/2023,England,CumFullyVaccByDate,41732008
01/02/2023,England,CumFullyVaccByDate,41732571
02/02/2023,England,CumFullyVaccByDate,41733040
03/02/2023,England,CumFullyVaccByDate,41733595
04/02/2023,England,CumFullyVaccByDate,41734797
05/02/2023,England,CumFullyVaccByDate,41735162
06/02/2023,England,CumFullyVaccByDate,41735640
07/02/2023,England,CumFullyVaccByDate,41736108
08/02/2023,England,CumFullyVaccByDate,41736677
09/02/2023,England,CumFullyVaccByDate,41737269
10/02/2023,England,CumFullyVaccByDate,41737946
11/02/2023,England,CumFullyVaccByDate,41739563
12/02/2023,England,CumFullyVaccByDate,41739921
13/02/2023,England,CumFullyVaccByDate,41740310
14/02/2023,England,CumFullyVaccByDate,41740664
15/02/2023,England,CumFullyVaccByDate,41741082
16/02/2023,England,CumFullyVaccByDate,41741555
17/02/2023,England,CumFullyVaccByDate,41742096
18/02/2023,England,CumFullyVaccByDate,41743056
19/02/2023,England,CumFullyVaccByDate,41743180
20/02/2023,England,CumFullyVaccByDate,41743396
21/02/2023,England,CumFullyVaccByDate,41743576
22/02/2023,England,CumFullyVaccByDate,41743815
23/02/2023,England,CumFullyVaccByDate,41744139
24/02/2023,England,CumFullyVaccByDate,41744487
25/02/2023,England,CumFullyVaccByDate,41745221
26/02/2023,England,CumFullyVaccByDate,41745360
27/02/2023,England,CumFullyVaccByDate,41745529
28/02/2023,England,CumFullyVaccByDate,41745710
01/03/2023,England,CumFullyVaccByDate,41745940
02/03/2023,England,CumFullyVaccByDate,41746158
03/03/2023,England,CumFullyVaccByDate,41746450
04/03/2023,England,CumFullyVaccByDate,41747084
05/03/2023,England,CumFullyVaccByDate,41747186
06/03/2023,England,CumFullyVaccByDate,41747396
07/03/2023,England,CumFullyVaccByDate,41747537
08/03/2023,England,CumFullyVaccByDate,41747765
09/03/2023,England,CumFullyVaccByDate,41747942
10/03/2023,England,CumFullyVaccByDate,41748209
11/03/2023,England,CumFullyVaccByDate,41748746
12/03/2023,England,CumFullyVaccByDate,41748874
13/03/2023,England,CumFullyVaccByDate,41749034
14/03/2023,England,CumFullyVaccByDate,41749194
15/03/2023,England,CumFullyVaccByDate,41749463
16/03/2023,England,CumFullyVaccByDate,41749693
17/03/2023,England,CumFullyVaccByDate,41749948
18/03/2023,England,CumFullyVaccByDate,41750485
19/03/2023,England,CumFullyVaccByDate,41750558
20/03/2023,England,CumFullyVaccByDate,41750734
21/03/2023,England,CumFullyVaccByDate,41750905
22/03/2023,England,CumFullyVaccByDate,41751117
23/03/2023,England,CumFullyVaccByDate,41751283
24/03/2023,England,CumFullyVaccByDate,41751467
25/03/2023,England,CumFullyVaccByDate,41751886
26/03/2023,England,CumFullyVaccByDate,41751967
27/03/2023,England,CumFullyVaccByDate,41752104
28/03/2023,England,CumFullyVaccByDate,41752244
29/03/2023,England,CumFullyVaccByDate,41752391
30/03/2023,England,CumFullyVaccByDate,41752551
31/03/2023,England,CumFullyVaccByDate,41752770
01/04/2023,England,CumFullyVaccByDate,41753021
02/04/2023,England,CumFullyVaccByDate,41753039
03/04/2023,England,CumFullyVaccByDate,41753206
04/04/2023,England,CumFullyVaccByDate,41753368
05/04/2023,England,CumFullyVaccByDate,41753523
06/04/2023,England,CumFullyVaccByDate,41753693
07/04/2023,England,CumFullyVaccByDate,41753709
08/04/2023,England,CumFullyVaccByDate,41753941
09/04/2023,England,CumFullyVaccByDate,41753943
10/04/2023,England,CumFullyVaccByDate,41753975
11/04/2023,England,CumFullyVaccByDate,41754132
12/04/2023,England,CumFullyVaccByDate,41754300
13/04/2023,England,CumFullyVaccByDate,41754446
14/04/2023,England,CumFullyVaccByDate,41754609
15/04/2023,England,CumFullyVaccByDate,41754777
16/04/2023,England,CumFullyVaccByDate,41754788
17/04/2023,England,CumFullyVaccByDate,41755197
18/04/2023,England,CumFullyVaccByDate,41755522
19/04/2023,England,CumFullyVaccByDate,41755859
20/04/2023,England,CumFullyVaccByDate,41756176
21/04/2023,England,CumFullyVaccByDate,41756499
22/04/2023,England,CumFullyVaccByDate,41757094
23/04/2023,England,CumFullyVaccByDate,41757221
24/04/2023,England,CumFullyVaccByDate,41757480
25/04/2023,England,CumFullyVaccByDate,41757759
26/04/2023,England,CumFullyVaccByDate,41758051
27/04/2023,England,CumFullyVaccByDate,41758383
28/04/2023,England,CumFullyVaccByDate,41758772
29/04/2023,England,CumFullyVaccByDate,41759379
30/04/2023,England,CumFullyVaccByDate,41759524
01/05/2023,England,CumFullyVaccByDate,41759571
02/05/2023,England,CumFullyVaccByDate,41759940
03/05/2023,England,CumFullyVaccByDate,41760236
04/05/2023,England,CumFullyVaccByDate,41760526
05/05/2023,England,CumFullyVaccByDate,41760867
06/05/2023,England,CumFullyVaccByDate,41761193
07/05/2023,England,CumFullyVaccByDate,41761307
08/05/2023,England,CumFullyVaccByDate,41761349
09/05/2023,England,CumFullyVaccByDate,41761613
10/05/2023,England,CumFullyVaccByDate,41761895
11/05/2023,England,CumFullyVaccByDate,41762143
12/05/2023,England,CumFullyVaccByDate,41762462
13/05/2023,England,CumFullyVaccByDate,41762999
14/05/2023,England,CumFullyVaccByDate,41763134
15/05/2023,England,CumFullyVaccByDate,41763350
16/05/2023,England,CumFullyVaccByDate,41763554
17/05/2023,England,CumFullyVaccByDate,41763789
18/05/2023,England,CumFullyVaccByDate,41764007
19/05/2023,England,CumFullyVaccByDate,41764295
20/05/2023,England,CumFullyVaccByDate,41764765
21/05/2023,England,CumFullyVaccByDate,41764856
22/05/2023,England,CumFullyVaccByDate,41765064
23/05/2023,England,CumFullyVaccByDate,41765269
24/05/2023,England,CumFullyVaccByDate,41765484
25/05/2023,England,CumFullyVaccByDate,41765711
26/05/2023,England,CumFullyVaccByDate,41765963
27/05/2023,England,CumFullyVaccByDate,41766336
28/05/2023,England,CumFullyVaccByDate,41766379
29/05/2023,England,CumFullyVaccByDate,41766426
30/05/2023,England,CumFullyVaccByDate,41766782
31/05/2023,England,CumFullyVaccByDate,41767063
01/06/2023,England,CumFullyVaccByDate,41767341
02/06/2023,England,CumFullyVaccByDate,41767600
03/06/2023,England,CumFullyVaccByDate,41767884
04/06/2023,England,CumFullyVaccByDate,41767963
05/06/2023,England,CumFullyVaccByDate,41768094
06/06/2023,England,CumFullyVaccByDate,41768250
07/06/2023,England,CumFullyVaccByDate,41768415
08/06/2023,England,CumFullyVaccByDate,41768613
09/06/2023,England,CumFullyVaccByDate,41768865
10/06/2023,England,CumFullyVaccByDate,41769149
11/06/2023,England,CumFullyVaccByDate,41769195
12/06/2023,England,CumFullyVaccByDate,41769362
13/06/2023,England,CumFullyVaccByDate,41769545
14/06/2023,England,CumFullyVaccByDate,41769742
15/06/2023,England,CumFullyVaccByDate,41769930
16/06/2023,England,CumFullyVaccByDate,41770141
17/06/2023,England,CumFullyVaccByDate,41770462
18/06/2023,England,CumFullyVaccByDate,41770514
19/06/2023,England,CumFullyVaccByDate,41770672
20/06/2023,England,CumFullyVaccByDate,41770805
21/06/2023,England,CumFullyVaccByDate,41770981
22/06/2023,England,CumFullyVaccByDate,41771167
23/06/2023,England,CumFullyVaccByDate,41771392
24/06/2023,England,CumFullyVaccByDate,41771676
25/06/2023,England,CumFullyVaccByDate,41771720
26/06/2023,England,CumFullyVaccByDate,41771893
27/06/2023,England,CumFullyVaccByDate,41772080
28/06/2023,England,CumFullyVaccByDate,41772270
29/06/2023,England,CumFullyVaccByDate,41772486
30/06/2023,England,CumFullyVaccByDate,41772826
01/07/2023,England,CumFullyVaccByDate,41772827
02/07/2023,England,CumFullyVaccByDate,41772828
03/07/2023,England,CumFullyVaccByDate,41772829
04/07/2023,England,CumFullyVaccByDate,41772831
05/07/2023,England,CumFullyVaccByDate,41772831
06/07/2023,England,CumFullyVaccByDate,41772833
07/07/2023,England,CumFullyVaccByDate,41772834
08/07/2023,England,CumFullyVaccByDate,41772834
09/07/2023,England,CumFullyVaccByDate,41772834
10/07/2023,England,CumFullyVaccByDate,41772839
11/07/2023,England,CumFullyVaccByDate,41772840
12/07/2023,England,CumFullyVaccByDate,41772840
13/07/2023,England,CumFullyVaccByDate,41772840
14/07/2023,England,CumFullyVaccByDate,41772840
15/07/2023,England,CumFullyVaccByDate,41772840
16/07/2023,England,CumFullyVaccByDate,41772841
17/07/2023,England,CumFullyVaccByDate,41772841
18/07/2023,England,CumFullyVaccByDate,41772841
19/07/2023,England,CumFullyVaccByDate,41772843
20/07/2023,England,CumFullyVaccByDate,41772843
21/07/2023,England,CumFullyVaccByDate,41772843
22/07/2023,England,CumFullyVaccByDate,41772843
23/07/2023,England,CumFullyVaccByDate,41772843
24/07/2023,England,CumFullyVaccByDate,41772844
25/07/2023,England,CumFullyVaccByDate,41772845
26/07/2023,England,CumFullyVaccByDate,41772845
27/07/2023,England,CumFullyVaccByDate,41772846
28/07/2023,England,CumFullyVaccByDate,41772847
29/07/2023,England,CumFullyVaccByDate,41772847
30/07/2023,England,CumFullyVaccByDate,41772847
31/07/2023,England,CumFullyVaccByDate,41772847
01/08/2023,England,CumFullyVaccByDate,41772847
02/08/2023,England,CumFullyVaccByDate,41772848
03/08/2023,England,CumFullyVaccByDate,41772848
04/08/2023,England,CumFullyVaccByDate,41772848
05/08/2023,England,CumFullyVaccByDate,41772848
06/08/2023,England,CumFullyVaccByDate,41772848
07/08/2023,England,CumFullyVaccByDate,41772848
08/08/2023,England,CumFullyVaccByDate,41772849
09/08/2023,England,CumFullyVaccByDate,41772850
10/08/2023,England,CumFullyVaccByDate,41772851
11/08/2023,England,CumFullyVaccByDate,41772851
12/08/2023,England,CumFullyVaccByDate,41772851
13/08/2023,England,CumFullyVaccByDate,41772851
14/08/2023,England,CumFullyVaccByDate,41772851
15/08/2023,England,CumFullyVaccByDate,41772852
16/08/2023,England,CumFullyVaccByDate,41772852
17/08/2023,England,CumFullyVaccByDate,41772852
18/08/2023,England,CumFullyVaccByDate,41772852
19/08/2023,England,CumFullyVaccByDate,41772852
20/08/2023,England,CumFullyVaccByDate,41772852
21/08/2023,England,CumFullyVaccByDate,41772852
22/08/2023,England,CumFullyVaccByDate,41772852
23/08/2023,England,CumFullyVaccByDate,41772852
24/08/2023,England,CumFullyVaccByDate,41772853
25/08/2023,England,CumFullyVaccByDate,41772853
26/08/2023,England,CumFullyVaccByDate,41772853
27/08/2023,England,CumFullyVaccByDate,41772853
28/08/2023,England,CumFullyVaccByDate,41772853
29/08/2023,England,CumFullyVaccByDate,41772853
30/08/2023,England,CumFullyVaccByDate,41772853
31/08/2023,England,CumFullyVaccByDate,41772853
01/09/2023,England,CumFullyVaccByDate,41772853
02/09/2023,England,CumFullyVaccByDate,41772853
03/09/2023,England,CumFullyVaccByDate,41772853
04/09/2023,England,CumFullyVaccByDate,41772853
05/09/2023,England,CumFullyVaccByDate,41772853
06/09/2023,England,CumFullyVaccByDate,41772853
07/09/2023,England,CumFullyVaccByDate,41772861
08/09/2023,England,CumFullyVaccByDate,41772864
09/09/2023,England,CumFullyVaccByDate,41772864
10/09/2023,England,CumFullyVaccByDate,41772864
11/09/2023,England,CumFullyVaccByDate,41772928
12/09/2023,England,CumFullyVaccByDate,41773010
13/09/2023,England,CumFullyVaccByDate,41773102
14/09/2023,England,CumFullyVaccByDate,41773226
15/09/2023,England,CumFullyVaccByDate,41773338
16/09/2023,England,CumFullyVaccByDate,41773575
17/09/2023,England,CumFullyVaccByDate,41773639
18/09/2023,England,CumFullyVaccByDate,41773879
19/09/2023,England,CumFullyVaccByDate,41774222
20/09/2023,England,CumFullyVaccByDate,41774566
21/09/2023,England,CumFullyVaccByDate,41774973
22/09/2023,England,CumFullyVaccByDate,41775335
23/09/2023,England,CumFullyVaccByDate,41775901
24/09/2023,England,CumFullyVaccByDate,41776024
25/09/2023,England,CumFullyVaccByDate,41776340
26/09/2023,England,CumFullyVaccByDate,41776741
27/09/2023,England,CumFullyVaccByDate,41777142
28/09/2023,England,CumFullyVaccByDate,41773076
29/09/2023,England,CumFullyVaccByDate,41773076
30/09/2023,England,CumFullyVaccByDate,41773076
01/10/2023,England,CumFullyVaccByDate,41773076
02/10/2023,England,CumFullyVaccByDate,41773076
03/10/2023,England,CumFullyVaccByDate,41773076
04/10/2023,England,CumFullyVaccByDate,41773076
05/10/2023,England,CumFullyVaccByDate,41773076
06/10/2023,England,CumFullyVaccByDate,41773076
07/10/2023,England,CumFullyVaccByDate,41773076
08/10/2023,England,CumFullyVaccByDate,41773076
09/10/2023,England,CumFullyVaccByDate,41773076
10/10/2023,England,CumFullyVaccByDate,41773076
11/10/2023,England,CumFullyVaccByDate,41773076
12/10/2023,England,CumFullyVaccByDate,41773076
13/10/2023,England,CumFullyVaccByDate,41773076
14/10/2023,England,CumFullyVaccByDate,41773076
15/10/2023,England,CumFullyVaccByDate,41773076
16/10/2023,England,CumFullyVaccByDate,41773076
17/10/2023,England,CumFullyVaccByDate,41773076
18/10/2023,England,CumFullyVaccByDate,41773076
19/10/2023,England,CumFullyVaccByDate,41773076
20/10/2023,England,CumFullyVaccByDate,41773076
21/10/2023,England,CumFullyVaccByDate,41773076
22/10/2023,England,CumFullyVaccByDate,41773076
23/10/2023,England,CumFullyVaccByDate,41773076
24/10/2023,England,CumFullyVaccByDate,41773076
25/10/2023,England,CumFullyVaccByDate,41773076
26/10/2023,England,CumFullyVaccByDate,41773076
27/10/2023,England,CumFullyVaccByDate,41773076
28/10/2023,England,CumFullyVaccByDate,41773076
29/10/2023,England,CumFullyVaccByDate,41773076
30/10/2023,England,CumFullyVaccByDate,41773076
31/10/2023,England,CumFullyVaccByDate,41773076
01/11/2023,England,CumFullyVaccByDate,41773076
02/11/2023,England,CumFullyVaccByDate,41773076
03/11/2023,England,CumFullyVaccByDate,41773076
04/11/2023,England,CumFullyVaccByDate,41773076
05/11/2023,England,CumFullyVaccByDate,41773076
06/11/2023,England,CumFullyVaccByDate,41773076
07/11/2023,England,CumFullyVaccByDate,41773076
08/11/2023,England,CumFullyVaccByDate,41773076
09/11/2023,England,CumFullyVaccByDate,41773076
10/11/2023,England,CumFullyVaccByDate,41773076
11/11/2023,England,CumFullyVaccByDate,41773076
12/11/2023,England,CumFullyVaccByDate,41773076
13/11/2023,England,CumFullyVaccByDate,41773076
14/11/2023,England,CumFullyVaccByDate,41773076
15/11/2023,England,CumFullyVaccByDate,41773076
16/11/2023,England,CumFullyVaccByDate,41773076
17/11/2023,England,CumFullyVaccByDate,41773076
18/11/2023,England,CumFullyVaccByDate,41773076
19/11/2023,England,CumFullyVaccByDate,41773076
20/11/2023,England,CumFullyVaccByDate,41773076
21/11/2023,England,CumFullyVaccByDate,41773076
22/11/2023,England,CumFullyVaccByDate,41773076
23/11/2023,England,CumFullyVaccByDate,41773076
24/11/2023,England,CumFullyVaccByDate,41773076
25/11/2023,England,CumFullyVaccByDate,41773076
26/11/2023,England,CumFullyVaccByDate,41773076
27/11/2023,England,CumFullyVaccByDate,41773076
28/11/2023,England,CumFullyVaccByDate,41773076
29/11/2023,England,CumFullyVaccByDate,41773076
30/11/2023,England,CumFullyVaccByDate,41773076
01/12/2023,England,CumFullyVaccByDate,41773076
02/12/2023,England,CumFullyVaccByDate,41773076
03/12/2023,England,CumFullyVaccByDate,41773076
04/12/2023,England,CumFullyVaccByDate,41773076
05/12/2023,England,CumFullyVaccByDate,41773076
06/12/2023,England,CumFullyVaccByDate,41773077
07/12/2023,England,CumFullyVaccByDate,41773077
08/12/2023,England,CumFullyVaccByDate,41773077
09/12/2023,England,CumFullyVaccByDate,41773077
10/12/2023,England,CumFullyVaccByDate,41773077
11/12/2023,England,CumFullyVaccByDate,41773077
12/12/2023,England,CumFullyVaccByDate,41773077
13/12/2023,England,CumFullyVaccByDate,41773077
